Date,A,AAL,AAP,AAPL,ABBV,ABC,ABT,ACGL,ACN,ADBE,ADI,ADM,ADP,ADSK,AEE,AEP,AES,AFL,AIG,AIZ,AJG,AKAM,ALB,ALGN,ALK,ALL,ALLE,AMAT,AMCR,AMD,AME,AMGN,AMP,AMT,AMZN,ANET,ANSS,AON,AOS,APA,APD,APH,APTV,ARE,ATO,ATVI,AVB,AVGO,AVY,AWK,AXP,AZO,BA,BAC,BALL,BAX,BBWI,BBY,BDX,BEN,BG,BIIB,BIO,BK,BKNG,BKR,BLK,BMY,BR,BRO,BSX,BWA,BXP,C,CAG,CAH,CARR,CAT,CB,CBOE,CBRE,CCI,CCL,CDAY,CDNS,CDW,CE,CEG,CF,CFG,CHD,CHRW,CHTR,CI,CINF,CL,CLX,CMA,CMCSA,CME,CMG,CMI,CMS,CNC,CNP,COF,COO,COP,COST,CPB,CPRT,CPT,CRL,CRM,CSCO,CSGP,CSX,CTAS,CTLT,CTRA,CTSH,CTVA,CVS,CVX,CZR,D,DAL,DD,DE,DFS,DG,DGX,DHI,DHR,DIS,DISH,DLR,DLTR,DOV,DOW,DPZ,DRI,DTE,DUK,DVA,DVN,DXC,DXCM,EA,EBAY,ECL,ED,EFX,EIX,EL,ELV,EMN,EMR,ENPH,EOG,EPAM,EQIX,EQR,EQT,ES,ESS,ETN,ETR,ETSY,EVRG,EW,EXC,EXPD,EXPE,EXR,F,FANG,FAST,FCX,FDS,FDX,FE,FFIV,FICO,FIS,FISV,FITB,FLT,FMC,FOX,FOXA,FRC,FRT,FSLR,FTNT,FTV,GD,GE,GEHC,GEN,GILD,GIS,GL,GLW,GM,GNRC,GOOG,GOOGL,GPC,GPN,GRMN,GS,GWW,HAL,HAS,HBAN,HCA,HD,HES,HIG,HII,HLT,HOLX,HON,HPE,HPQ,HRL,HSIC,HST,HSY,HUM,HWM,IBM,ICE,IDXX,IEX,IFF,ILMN,INCY,INTC,INTU,INVH,IP,IPG,IQV,IR,IRM,ISRG,IT,ITW,IVZ,J,JBHT,JCI,JKHY,JNJ,JNPR,JPM,K,KDP,KEY,KEYS,KHC,KIM,KLAC,KMB,KMI,KMX,KO,KR,L,LDOS,LEN,LH,LHX,LIN,LKQ,LLY,LMT,LNC,LNT,LOW,LRCX,LUV,LVS,LW,LYB,LYV,MA,MAA,MAR,MAS,MCD,MCHP,MCK,MCO,MDLZ,MDT,MET,META,MGM,MHK,MKC,MKTX,MLM,MMC,MMM,MNST,MO,MOH,MOS,MPC,MPWR,MRK,MRNA,MRO,MS,MSCI,MSFT,MSI,MTB,MTCH,MTD,MU,NCLH,NDAQ,NDSN,NEE,NEM,NFLX,NI,NKE,NOC,NOW,NRG,NSC,NTAP,NTRS,NUE,NVDA,NVR,NWL,NWS,NWSA,NXPI,O,ODFL,OGN,OKE,OMC,ON,ORCL,ORLY,OTIS,OXY,PARA,PAYC,PAYX,PCAR,PCG,PEAK,PEG,PEP,PFE,PFG,PG,PGR,PH,PHM,PKG,PKI,PLD,PM,PNC,PNR,PNW,PODD,POOL,PPG,PPL,PRU,PSA,PSX,PTC,PWR,PXD,PYPL,QCOM,QRVO,RCL,RE,REG,REGN,RF,RHI,RJF,RL,RMD,ROK,ROL,ROP,ROST,RSG,RTX,SBAC,SBUX,SCHW,SEDG,SEE,SHW,SJM,SLB,SNA,SNPS,SO,SPG,SPGI,SRE,STE,STLD,STT,STX,STZ,SWK,SWKS,SYF,SYK,SYY,T,TAP,TDG,TDY,TECH,TEL,TER,TFC,TFX,TGT,TJX,TMO,TMUS,TPR,TRGP,TRMB,TROW,TRV,TSCO,TSLA,TSN,TT,TTWO,TXN,TXT,TYL,UAL,UDR,UHS,ULTA,UNH,UNP,UPS,URI,USB,V,VFC,VICI,VLO,VMC,VRSK,VRSN,VRTX,VTR,VTRS,VZ,WAB,WAT,WBA,WBD,WDC,WEC,WELL,WFC,WHR,WM,WMB,WMT,WRB,WRK,WST,WTW,WY,WYNN,XEL,XOM,XRAY,XYL,YUM,ZBH,ZBRA,ZION
2023-04-24,856700,25019800,816200,41949600,4728900,504200,5341900,1940200,1359700,1531100,1782000,2501900,1332200,999900,1004300,2197400,3268800,1868900,2975400,222500,734000,700000,5918200,810200,2007000,1034400,861300,3218100,5975600,40423800,642900,1232100,651900,1356700,69575600,2350700,198400,700000,1186000,4042100,626800,3362400,2151200,683900,470700,8154600,1177500,1233800,461600,988300,2473500,132200,3058900,28020300,1002700,7830200,2693300,1844400,1046500,2394700,859400,1138100,147500,3839400,243600,5856300,451800,5384500,491400,1447600,11731700,1433500,1257200,11208800,3437900,1394300,20848600,2790700,995100,595300,1226900,2328100,23084800,1026600,1416100,962000,719200,1094300,1432700,7526700,1318700,1012300,794900,1208700,309400,5350900,1036400,2782700,13364800,1272300,261500,555000,1282400,3719600,2642000,1404300,179300,5215800,1374100,2091600,2149400,369600,367600,4449700,17359900,1857500,14661200,364200,3203800,5065200,2230100,1393700,8101700,7177600,2026500,4724700,8452700,2951500,1132800,1218200,1769200,958900,2785400,3163200,8540600,6323700,1981100,1898700,683000,5036400,636300,1125600,589500,2153100,657900,5473400,698900,1829000,1226700,4216500,747900,1110700,756700,885700,864300,1535600,761700,2114900,3468900,1939500,408000,276900,1542900,3831700,847600,350900,1047500,1136100,2707900,676800,4105000,4687400,752900,2133300,1170100,57794700,1934300,3328400,12908000,169600,1374300,2827000,517600,232400,5842700,3926800,5078700,457200,397900,3620200,11114300,90165120.0,352100,4036200,2933600,1839600,791500,6251800,2692800,2590500,6630800,2123900,422900,6597700,16836800,662400,21410900,23542800,653100,1504000,514300,1966300,203900,10320400,1757800,14696900,1892800,2515400,1178500,1038200,219300,1387800,1167800,1605600,8262400,4656800,1243100,730100,3811500,735100,1040800,3138100,4043900,1355600,268400,531200,1848100,730100,1606600,38732500,1177100,2960200,2664600,2972400,963500,1232500,895900,2154600,423000,843100,5176300,445100,625000,3790900,1011400,5278900,4233200,7567500,1678900,7346000,23021700,799100,3857300,4087200,602700,1939700,8681400,1136500,15532300,4634000,425900,348900,1357900,720200,593900,1237600,923200,2059700,955200,2096100,1067700,2758700,1024700,4586500,8802900,938500,2226800,1051600,1886300,771700,1146800,1837100,2995200,2893900,565900,748300,4203400,14462000,4816500,15750900,2683700,408300,1157600,434900,208200,2071600,3536000,2932200,6552900,385300,4716200,4208000,389400,4299100,3502900,9530800,5004400,389000,26611000,501800,1161600,4132300,69200,13402600,11121800,1775400,132100,5725800,6084100,5586600,3192500,3790900,593600,1223300,2497400,1056800,1327400,924900,1584700,33928200,23500,3587400,534000,1288200,1066300,2647300,768300,1326100,2112600,1488500,2845200,4901700,318100,1715400,7560200,8892800,318600,1995600,4446000,15179000,3082800,1855600,3540200,17633700,1037900,8109800,2139700,478000,4045500,822500,771968.0,2281900,4099200,2333600,997100,816200,498200,507900,1767700,3972000,1472300,767800,2897800,768900,514200,1265400,7458400,4097900,807900,2270000,188000,497100,374800,10149700,998000,931000,659500,485800,548700,1266700,469700,1767100,947200,3962100,404500,5940700,13246100,864400,607100,2008400,650100,10252300,542300,490400,2616800,854200,1022300,745500,273200,1448200,2294600,2325200,826700,793600,1536200,4169300,1393600,1221900,60001400,1860600,232800,160300,1018900,864100,836700,12735900,156700,2313100,4041900,895100,3889300,2161200,1549900,937300,760800,1015700,921200,140006600,1992700,1061900,1958200,3360100,1484800,205600,5935400,2627100,775800,475800,2322400,2723700,3689100,848700,16238100,9124100,3290600,3153200,5268600,524100,664700,259400,597000,2824400,14780300,20362500,945700,388400,2490100,16336600,3117300,838000,1848800,17327800,1072900,1476500,4571300,4526500,3866700,1518000,271700,376800,2993200,1670500,2196500,15831300,1412800,997500,1498800,748100,244300,5176900
2023-04-25,2154900,33615600,933900,48714100,5506200,565200,5636700,1762800,1935400,2413100,3474800,5777600,2161700,1115000,550800,1642500,2764100,2350900,2561800,286900,984400,1049400,2720700,995300,1788900,963300,1365800,6282600,5988800,52771500,1065000,1509700,1292700,1339900,65026800,2750800,364700,947200,1756700,5243800,550800,3912100,2135800,1787300,632500,13383700,587900,2367000,1083800,825200,3421300,109100,4699500,49718800,1583900,6439500,3954200,2061300,765000,2429100,1781200,1527900,203000,5385700,283600,6286500,552200,5337300,588600,2645700,14788100,2375700,2399200,15374000,5638000,1371700,10038400,2505600,1513700,582900,1557900,2024200,27625300,935000,5320600,1122500,1026500,1722400,1656900,15279100,1159700,1212600,949500,1606800,510500,6437500,1084800,4711600,18185400,1655800,454600,517800,1939900,6759600,2219100,2635200,167000,5355800,1789900,2015800,1900500,519300,1619400,5010000,20281600,2064400,13623900,385500,3943800,6309700,2807400,1718400,7496900,5807200,1863000,3014500,9119000,3521200,1688400,1541400,2310200,1634500,2710100,10331500,6511400,10747300,1576000,1479300,907200,8369800,728600,1201100,791800,2770800,488500,6242700,1262600,2263400,1424300,5938300,787300,1404100,462600,881000,928000,1125900,1135500,2100400,4423300,1988900,552600,418900,1855100,4604700,723700,267200,2216000,1507000,2133000,750700,3148700,3007200,1376400,2756000,990500,63114700,1444300,3442200,20736100,177000,2201400,1954400,703300,219800,2923200,7399200,9259100,425900,640400,1304700,4127800,193018300.0,733200,2064300,5726600,1776900,994000,9297500,7291400,3333400,5378600,2473300,448700,7704500,34044400,593300,31408100,46664100,703200,1528200,582800,2138200,208500,15761500,1811100,18822200,2072500,4529500,1810300,1430500,190800,1671500,1079600,2244300,9567100,5337100,1321800,744200,4513500,1013800,867100,2392300,4275400,1859900,417400,545700,1057900,1526700,1606300,38289900,2269100,2743300,5127500,3049900,2008700,1748500,1484600,2431200,394400,612400,5875200,325900,783000,2751500,697800,6263100,5727200,10629300,1776100,10945900,31905400,1910100,6185000,4971100,1292800,4344000,9515500,1397200,12818900,3851000,722900,508300,1399100,1328200,786400,1735800,918400,2648600,839100,3198000,935800,2723700,1371100,4956000,7377100,1166400,1760200,1311200,2245000,793200,2226300,2639600,5845200,5923000,994900,1142100,5980400,8189900,3867700,19198200,4633000,489000,1023200,516800,220300,1693500,5071400,3252400,7510500,492200,3728500,2884900,430700,5662800,3276400,10440500,5806700,1532500,45772200,564700,1891500,5070300,114700,15987300,8460800,2103900,171400,8399800,7504000,5426600,2858100,4383300,691400,2058600,2199800,1301300,1818600,3211700,1744600,37852700,41100,3648600,879900,2749400,2611500,3493600,745600,1344700,1632300,1224400,7889300,5768800,312400,2137700,9709700,9405900,435600,1888600,6266400,14930500,3385500,1623100,6231600,24492400,1287400,8341800,1982900,533700,6770700,1351000,995194.0,3146700,4645800,4996000,1304800,367500,426300,413200,1475800,3760300,1955400,1055300,2738500,928500,597000,1422700,10255800,7045200,1072400,2537000,181100,762500,468000,14267800,1294500,1773900,853300,434600,712300,1355400,530700,1726600,1080800,4638900,586900,8747100,17042900,669400,1002400,2550100,696100,9312100,367600,842200,3337400,809300,1447600,618000,293800,1788900,4327800,2386500,573600,929900,1858200,5091900,1059000,1961800,46691800,1660200,254700,204200,2031300,1998300,1750000,11361700,163100,2723300,4275800,2495500,6394500,2311100,1596100,1095600,1047300,1208700,1193000,121999300,2082700,1166500,1678000,7136000,1230000,228300,6114000,1991500,1013100,525200,2937300,2594400,12474900,1357200,22540100,6076500,5081900,3065600,4058300,466800,671600,309800,842200,2201800,7315700,24959400,1447800,562600,4364000,18570600,2908200,994800,2247700,20728000,2265400,1276900,4029300,5748900,2376100,2303100,503200,731500,4108600,1863000,2036100,12179800,1719500,967100,1207200,1530900,297700,6228700
2023-04-26,3003800,33435200,1170700,45498800,5192000,885700,4240000,2274900,2009400,2803200,3603100,3457700,3217600,1062100,755400,1998900,3910800,2768900,3127200,387700,960900,1135200,3286500,1197500,1417800,1141000,2946600,6245800,7242300,47786600,1149400,2002900,882600,1789300,73803800,3257100,424300,761600,1872300,4914300,847300,5139400,1652800,1080100,806500,50205900,1164900,1717900,1673000,805800,2789100,141300,9137200,45848400,993400,6618300,3978300,1868000,945100,2155100,1093400,1817400,148500,4174300,357400,5742100,434700,10206200,583500,1738600,20199000,1968400,2749200,16984600,5149700,1982300,13613200,3254700,2219500,679200,1691200,1976500,33804600,1231100,2223000,1449500,869400,3100600,1652900,18711100,1446900,1888900,1028400,1339100,735300,4592000,964700,3528500,19547800,2170800,1630100,1099500,2257800,4624100,3652500,2271400,246900,4295000,1441900,1635400,1856400,774400,632400,4007600,22390500,3921500,13958100,381400,4996900,6028500,2615400,1762700,8486500,5927400,2748700,3119200,9237500,3158400,1416500,1252500,1203000,1769800,2519600,7401900,8634500,6941700,2777900,1350500,1771100,5952500,1051500,1220800,1027700,2677700,555200,6955900,1053100,2333300,4249900,8552700,737200,1378600,671600,1553500,1301500,1156300,1706500,3383700,25345200,2212800,263900,398400,1902700,4249500,1501500,373400,1504900,2269500,2237600,921000,3089800,5213800,828000,2144100,687800,58105300,1607000,3163500,10484500,223300,1813500,3487300,564500,308000,5129000,3457500,6691000,529400,808800,1260500,3241200,190394300.0,471200,3261000,3650200,5505800,2765700,6410500,3489500,2927100,4439500,2259200,471000,6084200,18780900,1938300,37068200,53347600,663800,1473600,606900,2041900,342500,10696500,2663800,16139300,1608200,4037400,2426300,1607100,352300,4415100,1401200,3579400,9596300,5694600,1510700,892600,6845300,1237200,1487800,2428800,4070200,3437700,289400,524100,1383000,2359800,1209800,41218800,1947900,2634300,3160100,6201500,2386800,1721100,944700,1649600,395300,868100,6142500,616400,1028900,3822400,562600,5518200,8727700,14416100,1606500,8548800,23788900,1068700,6803300,3953000,1274600,2559300,12783800,1912700,13179600,2897000,1101500,800900,1325900,908200,1211100,2055500,1160700,3161200,1571900,3168600,1067800,3409000,1294900,6638100,3583400,1517800,1432200,1357100,2594200,688500,3087400,6257400,3290000,4232600,750200,989600,5877200,8977700,4378500,41992700,4354200,542100,1014900,357500,326200,1887400,3173400,3195500,8936800,497100,3156700,3425100,510200,6607900,3575100,10732500,6429100,1601000,64599200,610200,1287900,4021200,111700,25385000,10680100,2077000,238000,12656700,7558400,4623200,4619700,4003200,1413000,2891100,3409800,1896600,1718400,1653300,2033500,40633700,27900,4017100,612600,1739900,1924500,2788900,2489100,1426600,1982600,1867900,5871300,6395500,524300,2947600,8470900,5664000,403300,2350000,4119200,11875200,3198100,2965900,4481700,22401400,1284300,4843700,1648800,583000,4256500,799600,726571.0,2321200,2489600,6547400,2073900,620900,432600,353700,1948500,3007300,1924100,1122600,2716000,1399000,578300,1851200,9068800,4671100,1108300,3553500,240400,749100,585600,8273100,1218600,1739000,591100,575000,922400,1324000,646900,1600400,1167300,5219300,613500,8081600,11422600,2194800,1017400,1538200,659800,9098500,304500,718700,3999000,966400,1592700,1153500,290100,1621800,3280400,1939500,497500,1080600,2188600,6245900,848100,2545100,42482900,1307500,291300,542700,1390400,3341700,2282000,12232000,325800,3077400,5043300,4020100,4522500,3017400,1290700,958600,1028900,1168200,1046900,153364100,2489400,2290400,3108300,8647500,1899200,280600,5614000,2542200,1438000,495200,2930000,2377500,5845600,1771800,17133300,8400400,4032800,4257400,5711800,651100,661200,400400,1572700,2015700,5831300,21499300,1562800,614100,3573500,14264400,3696100,1205400,2619800,26915600,1571200,1576500,5513600,4303400,2376000,3248800,465100,573100,4003400,1382200,2637600,15566100,1408100,947600,1451800,1440600,214900,4083000
2023-04-27,1125300,48368000,833900,64902300,17063000,636600,4257200,2265100,1983600,2338800,4621700,3294100,2180900,1513200,847300,2004700,4640300,3767000,2963800,440000,1187700,1299100,2417800,2440000,1550400,1155500,1409300,9447000,7819800,53087200,1393800,2533900,732000,1744600,149961200,2253600,437500,1144000,2834900,4060700,977500,5023900,3305200,1205400,790600,12145600,1575700,1825000,810900,1054400,2143500,105400,5105200,33060100,1192900,10785100,3798100,1683000,1134800,2369600,819200,1459500,136900,6731400,376900,6118600,393900,10521800,438700,1549700,9057200,2146200,1997800,16541400,2595100,1658200,9896000,7711100,2089600,388400,3368400,2133100,25196300,801100,1738800,1128500,1336900,1865700,2323600,8392800,2442700,3024700,1645600,1138700,652400,5652600,1154800,4132800,31581400,1533400,482800,922800,2904300,3325800,3332400,5042900,191900,4196700,1361600,1609900,2312900,927200,931800,4794400,22845400,4991300,14161100,335000,4984500,5944000,4363300,1791000,7151000,6417200,3037400,2832400,9561500,2722000,2741600,1312900,1214000,2750300,2563300,6015300,8166500,7326400,3860100,1375400,998700,3910700,2113600,749700,1126500,2285300,668000,6360400,1237900,4075000,2465900,11144600,720300,1713500,860000,1182200,1168600,1122500,1261600,4838100,8898200,2827900,350900,370800,1677300,11116500,1701700,434700,2086600,1859500,3125200,932700,3983100,6959400,1632100,2581900,1185600,53280300,1543300,3545000,10761200,158700,1535200,2649100,481000,251200,8197400,3018700,5741400,420600,763100,1044200,4978700,83275570.0,368700,2728000,5012000,2563600,1643800,7461000,1557000,2750000,8659000,2203100,546600,4596500,19730100,1471000,38235200,50089200,983200,2950000,748700,1768200,535900,11327500,5627100,10426300,1254500,3133600,1492600,1786400,260100,2937300,894000,3862400,9429200,6091500,1796400,702100,7395400,1818500,1039300,2663100,3204900,2007800,384100,759100,2077500,1441300,1405200,60186200,1479300,2780400,5459400,6374900,3621400,6102700,1062000,1487100,511700,1058500,3581200,384100,654600,3260900,824200,5739700,7126400,9041100,1254000,17056900,20468700,1254000,5971200,3958200,2129700,1636400,14547400,1457700,13795800,2482600,612900,702900,1232000,990500,1645400,1898600,1494300,4981300,1491400,3340200,1305700,2498900,1983100,23081000,6545900,1008800,2145200,1628400,3859900,898200,2105900,2416700,3142300,7746600,1211500,730100,7665100,6385900,6748300,71196500,4195400,1067100,1387200,297700,319900,1579600,2393100,4052600,10977600,948000,3690000,4610800,568000,9975200,3097600,9261900,6375800,1210600,46462600,841100,1102000,6304700,133700,13524600,11470100,1591600,192900,8155600,7310400,5618800,2940800,4252100,1371000,4855300,2494000,1478900,1624800,1529800,1442200,37716100,27600,10397000,505800,1773800,4130700,3183400,1078900,1573800,1690000,2227500,14023800,5615700,567700,2353000,8172100,11427300,371900,1688400,2942000,8961900,5964900,1843100,4574500,22434000,1237200,4805600,1918100,1021500,3958200,930200,1187695.0,3347100,4131000,3124400,3430200,587100,530400,389600,1696000,4373000,2755000,842200,3132800,1782700,790800,5554500,11420100,6945700,1576400,2974600,247400,535600,749300,7509900,1598000,4626500,611100,536400,2082100,2647600,823500,1239400,1927100,4010600,501300,7618500,12315900,1615200,882300,1664400,617800,9231400,270800,566500,4126300,970000,1647300,937200,281800,1375200,1708500,2686800,878600,2220500,2271000,4218300,1230500,1495200,36926900,1736100,216400,353800,813600,2003500,3472000,11092900,214000,3037900,5084000,2148400,6332800,3552100,1427400,891900,821000,1573700,2098600,127015200,3348100,1686500,1826200,6697900,2498400,423400,7015400,2824300,762300,530800,2473200,2287500,4679000,2002700,19428200,7128200,4497100,3422200,7742700,707600,939600,524600,2518600,2021600,7861700,28841000,1068900,436100,6040500,19979600,2702700,990400,2109900,21695800,1284100,2750400,6626300,4287000,2142000,3123100,946900,1270200,4670300,2242100,2716400,16279200,1941400,1290200,1085000,1310600,234300,3760300
2023-04-28,2032800,45057400,675100,55209200,7123800,988700,4835900,2204700,2084500,2061200,3167800,3474600,2427800,1138700,873200,2621300,3752900,4197900,3508200,477700,1675600,1152500,2516500,1098600,1893900,2228700,1233000,8063500,12331800,50652100,1412900,2721400,594200,2082300,130565000,2386700,493700,1451100,3274900,3844700,930900,3307900,1402800,1196400,684200,9823700,1095300,1618300,747900,770000,2379800,106100,3709300,45532800,1155900,6017900,3239600,1645600,1414200,6365300,693300,1957700,148100,3668000,295300,5412600,529000,10694000,587200,1729100,13505100,1633300,1485000,15216400,3624300,2535000,6033900,4668800,2035400,553300,2075400,2241400,34107600,2886500,1996200,1126300,1247200,2233400,2584900,12849600,2458500,2102000,2874900,1111900,1086500,9633400,2356500,3650800,24805400,1158900,411000,756100,2377900,2780700,3674100,5343400,174300,6637400,1169400,1947300,1570300,764500,584900,4094600,19662000,3078800,12036100,285700,6067900,7268600,3370200,2980000,8103000,10033600,2349100,3129000,11108900,3406500,1999300,1491600,1345200,1355000,1988300,4696500,11319700,7045200,3889900,1195600,1130600,6014400,924900,739700,1088400,1995000,733600,7658800,1552600,3901500,1828600,6704400,1200500,2316000,810700,1646700,1252900,1083300,1776000,3020300,7878600,2715900,488000,370200,3662300,9171500,2322000,592800,2140200,1300400,2525500,970800,3305900,11350100,1874400,1665300,974200,54996800,1670900,4344600,9460600,221300,1608300,5304800,522100,412400,5818000,2767700,6456700,568300,946200,1243700,3838500,176848300.0,1221600,10340900,5597600,2912600,2210500,5010800,1617600,2917700,10708800,2383000,533100,3867100,15510700,982900,23957900,36139800,766500,3257700,585700,1712500,448900,8327800,3469800,17237600,1206400,4062300,1147400,1737300,234500,2050000,1126300,2863100,8821600,6710500,3939200,744200,6194900,1129600,806100,3270300,5060500,2179500,365600,695000,1764300,1022600,1278700,80229700,2538000,2907000,4202900,4476200,1802500,2479800,1050100,1940400,648100,1444300,3546300,611400,966900,2738000,923100,6023400,4320100,9881800,2403900,19267100,19577100,1949000,7061600,4686300,1326400,2165700,14690700,1308800,13686700,4972500,961200,1189100,1507600,543000,1923100,1878900,1071100,5349000,1040000,2550700,1621600,2451400,1145800,10928500,4684000,782100,3711000,1725800,3107300,627600,1645900,1979700,2837200,4459900,918000,578300,14860900,7281200,4721700,39554000,4888600,1744500,2218300,297400,342900,2132000,3983200,3053300,11070400,511100,4501400,5342200,425000,8049900,3023400,9050300,6374500,1107600,36446700,887000,1419800,6679100,85900,18088800,19836400,2267800,440600,10005800,8036100,4221900,3016100,4420700,708600,2360100,1901000,1211500,1967900,1477500,1645500,29168700,18400,7579200,863200,2754000,2969600,3463900,1110500,1937300,1955900,2034300,10264800,8498500,355700,1973800,9716500,9519100,944200,1854200,2316900,10440400,3384600,1846500,4607500,21003600,1713400,5754000,2188000,698800,3064600,645600,553357.0,3621000,3855100,3942000,3711700,484600,332400,400300,1518200,3968800,2577900,948800,2710500,1048200,727900,2576600,10718900,8651300,1199700,5582500,249600,731400,470400,8922300,868300,3132400,655900,1251600,849400,2049900,560600,1420800,2154500,2875900,873400,5973400,12788300,1571300,925900,1911100,910600,8621200,284700,743100,4598700,1430200,1748200,1312900,280800,1246900,2058000,2891900,695300,3090800,1621300,4731100,1337700,2717000,40664000,1906300,167800,202700,817700,1314000,1638700,15198800,284100,3432600,3448000,2046900,9431700,3751800,1094100,942200,1139100,1052700,1412700,122515800,2942300,1295900,1511200,6574400,2643500,299100,5894000,2770500,772900,457400,2398400,1810100,3439900,967000,25215200,11627900,4527500,4758300,4040300,576500,867800,753300,1455400,2173000,6905100,19194400,884600,592500,11878500,16908600,3912900,1099500,2314000,20189300,1059500,2227100,5428300,4693900,2800600,1698500,1032600,1164400,5863300,2653300,2281200,24374000,1912600,1906400,1555300,1496900,428100,5652000
2023-05-01,1012900,29101800,652500,52472900,5601000,1509300,3722900,1890800,1165600,1868000,2572800,1872300,1699700,917100,1157200,3046300,3848900,2877100,2789600,364100,917400,963200,1906200,715000,1197500,1188800,973400,4171600,6981900,59358700,1509300,1920500,517400,2135800,74728100,4299300,407900,815700,1276700,3412400,450200,2104400,1472700,658000,707600,5703500,672500,1703000,583000,607500,1803600,132900,3776800,34076800,1419500,3730000,2643500,1985100,1094700,5360800,838300,1278900,109200,4199400,252300,4415300,560200,10034000,636000,2168300,7483500,1646100,1648400,18314800,3886200,2021500,5322500,2876400,1264300,670500,1591000,2061000,43945100,2052800,1075600,1349100,887000,1788300,2665700,22079600,2666900,2131700,1298600,1133500,613300,6111100,1636100,4802800,17235500,1091600,503000,1026700,5846900,2919600,2937100,3047300,105300,3644900,2203200,1964000,1734700,859800,258900,2882900,13122300,2096400,11293100,312900,2608300,5181600,2978600,1846400,5965000,6099800,3549300,3699300,9901400,2542500,1184100,2075200,1140600,903000,2357600,3803300,6909500,7547600,2289800,1468900,622400,4013200,1155600,1542500,1092000,3231900,528000,5921700,935500,2447200,1438300,4220800,1274700,1834800,763200,1353500,890400,785000,1239500,2340200,5245200,1800800,474200,280300,1687600,5711200,1808000,412800,1794100,1118100,3951400,1378100,2204000,8188500,1439000,2085700,770500,59834200,2382500,2688100,9629300,134100,1122100,15462500,521800,238800,3898600,2012500,7371400,613400,910500,957300,2676400,0.0,345500,3948500,3827300,2707400,1845200,5912400,1355800,3101300,5561300,2146200,540900,3330900,16892300,1100100,20926300,26681700,965200,6050700,915200,1375000,267200,9324900,2165800,14412600,980400,2970000,1096200,1706800,348600,1793500,1851900,2224900,8476300,4738000,2115300,930800,8441600,1179800,792600,4126200,2725000,1616200,430500,643400,1018300,914400,1908300,36918500,1419200,3036900,3245700,3875500,1706800,1807000,920000,1440300,705800,1728800,4933800,495000,532700,3124100,903200,4893400,2932700,20415800,2901400,9019000,23150000,1568200,7369300,4391300,691300,1606600,14578000,1436300,9091500,4484000,1183400,1387400,1624900,525200,1120100,1018000,1040300,4091100,1524500,4092300,2086200,2282100,838300,7183300,5375400,850500,1889500,1357900,1745100,664200,1928700,1558200,2124400,5312300,1420000,560600,6670400,5502300,4704700,29143900,7933500,856100,1763400,297200,318200,1450100,2289300,3984300,8844000,509900,3140400,4173200,432900,5238900,2748500,7218100,7745400,648400,21294100,460900,1512000,7131100,103600,12823400,38718700,1237700,231700,5214700,5527700,5341500,3592700,4112600,630200,1424100,2398800,1766700,1655300,1605900,915200,57032900,18600,13732500,476700,1824000,4321900,2194100,809100,1141000,1740100,1977700,16264700,5459800,387900,1347200,7337700,9924400,669800,1438100,2066100,13159000,4971000,2289200,3137800,23917800,1972400,3844600,1774100,852400,3758400,924500,589345.0,1787500,2340800,9064200,1327800,804300,405900,311300,948100,5339700,1652600,596200,2546600,667000,740800,1667600,6857900,6208500,1176800,5421400,365800,584900,297500,11478200,588400,1530800,613600,1082500,803200,2734200,446000,1255400,1174800,3481400,941600,6495900,11041000,1512000,875600,1666200,1274800,5053300,257000,538700,4044500,1332500,1085100,1390500,567200,1393400,2197800,2335800,970400,1840900,1246900,6150400,2422700,3616300,35510200,2595200,247700,161900,1170100,886000,1757500,10780000,262200,1964500,3607500,1979800,5810900,2758600,1083000,1323400,1879300,761700,1048400,109015000,2185100,1198600,1403400,4831200,1642500,287700,6253800,2049200,619900,947400,2105600,2195000,2807800,797700,19095200,4571100,4316700,3688300,3054200,815900,845700,465000,1489000,2205400,6877000,17043500,724000,467900,5128200,13721700,2729900,1574300,2025200,26564300,919800,1458300,4671800,3803200,2063500,1996900,380500,745000,5107800,2897700,2262400,17355000,1524700,1068100,1696300,2006600,407500,4105000
2023-05-02,1629600,22469800,858300,48425700,5135600,1776700,4998000,1959000,1728300,2287600,2710800,3479500,1775500,1421700,1315800,2134300,5597100,3025700,4165200,548700,891900,1447600,2315100,1016400,1724100,2224300,597500,4850200,8695200,70483500,2050800,2127200,487600,2133800,73469400,16415800,646800,724100,910000,6988900,818700,2986100,1596600,729700,706900,9071900,896300,2835700,589000,826700,4925600,120900,3970800,70797700,1318000,4229700,3100200,1430900,1209000,4545000,1226400,1090900,105900,6363500,291500,9776600,719700,7793400,1156200,1640800,8739200,2265400,1574400,19450100,3299700,2014100,7361700,2858000,1708300,778800,2634400,2437900,33396200,2207100,1435100,1463100,873900,2554000,5104900,16331900,1834400,1512600,1264600,1370700,652300,5963300,1751800,11983900,20977800,1181300,294600,1598500,6304300,2107200,3134100,6385600,178500,8100100,1940800,1665400,1588500,974200,595100,6051000,20175100,1950400,9846300,352600,4158700,8892200,2586900,2617800,9031200,10701700,4858800,4039900,10014900,9790900,1547800,2527300,1228300,1189800,2197800,3295500,6955900,9334900,2534100,1183700,738300,4206000,781400,1140100,936700,2576200,647900,9588100,1207300,2662500,1862100,4035100,1831300,1425200,738300,2214500,2021700,809900,916200,3762700,5177300,5640500,593900,324000,2185900,6745600,1555600,351900,3755400,1240200,3590500,881400,3085900,6183900,2215900,2440500,1094600,91090400,5074300,3847100,10714600,335900,1102100,16998200,603200,251600,5895800,2543700,12006600,1060400,3243300,678900,2700900,0.0,429600,2753100,5430000,2184800,2609200,5973700,1879100,3856600,5647900,3320200,361400,3682100,14527600,1864000,20343100,30997200,1760300,4577400,1028400,2397600,222100,12164500,1742400,26016500,1018900,3413200,1614000,1809600,404900,2140300,2639700,2588100,9620400,6896000,1668200,866400,6661800,1443100,1026700,4539700,4445300,2163500,669600,421800,1070400,1197200,4536500,33463400,1213500,3355400,4206400,6935400,1356500,2297000,1419500,1688400,905900,2445500,5269000,425800,552200,3194700,1127700,7541700,4668500,14113400,2421100,12960300,44634700,1356800,11098000,4870300,839900,1398500,15626600,2274500,10948400,4200900,744200,4017400,1932900,526100,1433800,1124600,915400,3884600,1105500,4391700,1217000,2201800,946600,6812100,3602300,757000,1624100,1603200,2478700,751000,3821300,2294300,2083800,5503600,1468200,598400,7971900,5135000,4774300,24350100,7857200,660100,982600,277400,461200,1567000,3012000,4375100,7606400,520300,3471200,5342400,501900,8175600,3247600,11715200,6319100,659200,26404400,665800,2988500,8191000,137700,12237600,23189600,1745700,232100,7674200,8428400,4318600,4714400,3831600,770300,1284300,3600100,1460000,1763400,1704800,1782300,40273000,18300,10579500,880600,2267700,5403200,2620200,637600,1537500,2662700,1813700,8329000,5995100,570400,1290800,12442900,11174600,981900,1394000,3991100,17727700,5265700,2923500,3712200,38834100,1600000,5262900,6751900,877100,3898400,919200,498465.0,2426200,3814600,8595100,1309000,719300,457800,341700,1264500,4532100,3156000,991400,4207200,686200,688100,3118100,12767000,7081200,1083700,3703200,527800,833600,610700,11862500,1513900,1665400,722700,889500,755800,1700600,687700,1458000,1106200,3377500,970800,9626400,20934400,2525500,4380300,1230700,1183700,11963800,248800,648500,4180300,1700400,1131400,1615700,364500,1455200,3188500,1876600,1038900,1885300,1642400,5972900,2937000,5818900,39398100,8686400,287400,168000,1578000,1246100,1620400,21140800,316700,2277400,3652300,1060900,6764600,2469900,1605300,1835600,1851100,1236500,1227100,128259700,1932500,1915300,1666700,7312400,2127100,242100,6887900,3111000,746600,612500,2152300,2693800,3527800,910100,28994600,5244000,7036700,5376300,4598300,1105400,1120900,500900,2002000,2014300,9547100,17268700,2441800,527600,8990100,15663800,2275800,1528500,2531900,36239500,993100,1431000,7298500,3776500,2131300,1936100,421300,622700,5264600,1865600,2159400,24324100,3066800,1990700,1692800,4609900,1327100,18557300
2023-05-03,1529100,20844800,1056800,65136000,6815300,1390500,5602000,1443800,1951200,6700800,1788500,2590100,1604900,972500,789500,1998400,4575700,2025800,3594400,835500,794800,1269800,3640800,854800,1574100,2979700,644800,5624100,25285500,109482200,1026800,2998000,489400,1491300,65051900,5045400,766200,865900,972500,6656500,703400,2812000,1747400,866400,731000,5609700,676600,1981600,656000,591900,2655300,148100,4537900,51139500,1566800,3526200,2510500,1662700,1262900,3025700,1681800,2787500,158400,4715400,399900,9051400,430700,12717700,981700,1094000,7358700,2539600,1866700,14533500,4643700,2166000,6212600,2635100,1283600,557700,1837400,2398900,28997800,2604400,1084400,1103100,1078500,1607000,2806200,11423900,1810500,1381900,830100,1540200,618500,6380000,4164800,5681000,19592900,1235200,279800,1074700,3791700,2875900,3510300,4820500,225400,9085100,1426400,2624400,1264700,1147700,451700,3779900,20765700,1151100,8549600,271700,2786900,6105100,3577100,2372200,15216200,7538100,5958800,3482900,11166100,4701400,1235400,2243600,1395700,852500,2654300,4280600,7772100,9876600,1246500,1115100,764400,3343000,586000,1454300,856900,3174000,407800,9470800,1836300,6887600,1769400,4686200,1520800,1203000,465300,2628900,14857500,937900,1266000,6211900,4434200,4982000,493500,377800,1883300,6197500,1797800,395500,2200800,781400,6566600,1097400,2153800,6138800,2286700,2950900,2144000,94050700,3241800,2966400,12554000,300800,1356500,8208200,596500,273100,7877900,1729200,8887800,545300,1252000,783900,3526400,220562300.0,361400,1517500,6497300,2411300,1230200,4722700,1748900,3701100,5057400,3693500,625600,4549900,13494400,3852400,17116300,21795400,1407100,3625600,1532300,1825400,363900,9849200,1983600,17779700,938100,2743400,2583400,1739700,333200,1692300,1446600,2775300,12608400,5708500,2240600,520700,7438700,1104600,676100,3174500,4554200,2684400,511100,703300,1396700,1190200,2474300,45554500,1274800,2716700,2964700,7313700,1292500,2454200,1439000,1522400,791000,1731300,4414600,399900,506300,3484600,1660300,5937200,4178200,12930900,4090900,13047900,34854400,1262200,20626300,6259200,719500,1674500,11851600,1727600,11084600,4659300,701200,2053500,2000200,498000,1062400,1418900,690300,10129800,1116700,5256500,1136400,2386600,1362800,8755300,4035100,1075500,1833400,1371500,1970900,550300,2378500,1416300,2425500,5536700,809000,700200,5957400,6964300,6285400,34463900,6187500,571800,1258400,510000,546000,1163300,2056100,6350300,6536100,377600,3887300,6634900,489200,6738600,3322100,12313900,6546500,492700,22360800,595600,2254800,12859600,144400,10818100,16488800,1609100,269600,6265900,7784200,5064100,4425500,4560100,520200,1192000,3842000,1143400,2166300,1202600,1490800,38338700,30800,6851100,697300,1847000,2363400,3099100,747100,2373100,3589200,2531300,5127100,6744800,527200,1370300,11639200,11986000,1493600,1510500,2932700,10589700,6226300,2565600,3389600,27721900,1405800,5775000,8019200,1078900,4048100,917800,478077.0,3323200,3579900,5764500,1338600,607700,500900,393000,1031900,4270300,4207100,1206800,6286000,547400,870700,2076900,11865700,11491700,1933900,4288600,350300,815000,786000,13947600,1532600,1276700,783900,517700,674800,1040600,406700,1429700,1490600,3610800,801900,24388600,22505400,2093700,2217000,1486700,954600,9217900,268800,580300,3240500,2092300,912400,2023000,396300,1266200,2949100,2351400,988300,2005500,2008700,6160400,1851000,3587500,32213100,4657600,342600,198300,2477100,1307700,1471200,21667000,441900,2385700,4199200,1430200,5568400,2485200,2018000,2550600,1625800,1001700,678100,119728000,2757700,3335200,1210100,4398800,1233100,305000,6485300,2126700,789500,762400,1749700,2017400,3825200,878000,23759800,4093300,6040100,7546700,4871900,1213800,2300600,748500,1226400,1961600,10348000,16703200,1179700,560900,14148900,15265700,2072200,1720900,2281500,25202700,1039100,1515100,6094000,4111500,2179400,2686400,425300,464500,7747300,2491300,2428700,16212300,3006200,2394700,3220200,1820400,710000,9993700
2023-05-04,1103700,22983700,1142800,81235400,5694300,958400,4070700,3000600,2586200,6614900,2308200,3434900,1241500,855900,1682800,2365100,9565600,3509700,5424500,586500,949000,1426900,4558400,730000,1824600,3413800,527700,3579600,10602300,122840500,1463000,2228500,1024500,1984300,45345500,4223300,695900,699700,949100,10315400,710500,2933900,4503000,800400,1864700,9622300,625500,1768400,743300,642500,3997900,87400,6934100,82173800,5444400,4159800,2055800,1658800,2405700,3461100,1084300,1214000,126600,5724700,487800,8291500,589300,8801900,686600,1017900,8878400,7409100,1659700,20601800,4535300,3309300,7327700,3211000,1346000,836400,1764300,2870600,51862300,3735800,1271900,1461500,1483700,3830400,2973100,26935500,1591400,1021200,853100,1564000,539900,7441500,2395300,17888200,15143000,1468600,228800,875400,2003900,2667600,3204600,5271300,132100,6840000,1487000,1693200,1341600,370200,323500,4386500,17748900,1264800,12353100,307300,3421200,9054900,6920500,4165200,10416400,7500400,4000100,3673700,11694300,3075400,1382900,1939700,1414500,594600,3659300,2357600,13260700,11340800,2317600,1130200,660000,3899900,459300,1005400,751400,3067100,483600,7220100,1612300,1765800,2534400,3301500,1040700,1648000,965000,2365200,4884100,695600,715200,4498500,4198800,4518100,662000,597700,1412900,6690900,2280500,268600,2115300,1034000,8317900,1124300,1797700,6322000,1362400,4468700,1296700,79792900,3582300,2971700,19129300,222300,955100,4927000,619600,208100,6083100,2523000,18801200,1675500,1108000,1449400,6172900,54979640.0,533700,1516100,5939300,2480500,1402000,7227000,1751400,3593400,4564200,2123000,865200,4855900,14807400,1786500,19780600,23419500,1761700,2697600,1001800,2965100,248100,10565800,2134800,45813300,1460300,4422500,2768300,2303300,601800,1555000,1396800,2304800,8244500,4771700,1639800,664700,15225300,887200,549300,2952000,4468200,3122100,389900,432100,1200200,970300,2439000,46104000,1283800,2891500,3061800,6065800,1340100,4120900,1420400,1402200,561400,1334800,4178600,710100,568600,3357500,1588100,5128000,3747400,17089200,3719100,9702200,57354500,862000,10050100,5195400,724500,2222000,16214700,1960600,11938300,3402400,668600,1352600,1571300,476700,1525800,1545800,705900,4070700,962700,7121200,1725400,2375800,780200,8760200,3328300,789900,1470400,1734400,2814900,385100,2090000,1615100,2005300,6144700,1041700,947200,5725400,4780900,12380300,17889400,6085800,527600,974700,347300,771300,1427900,2963200,7627500,7333200,375900,7578500,7334100,741400,6490200,5504800,14425400,10359200,453100,22519900,968800,4063200,4846700,144000,13357900,21689900,1615800,321200,6042300,13356200,3879700,4759700,6177100,645700,1658800,11045700,1264900,1508200,1952300,2831600,32185000,16100,7191200,1049700,5698800,2363600,3254900,771500,3701100,2610400,2529300,5189400,5038200,297700,1857800,11202000,72171000,1103800,1584700,2395300,15127500,4204200,1923100,4267600,23675100,1986800,4892600,4909900,1467900,3393800,657000,623952.0,2740400,4466100,6975900,1513700,1012300,720800,281000,1029200,5248900,3343700,1162900,4619500,577700,1229200,1840900,10230500,22117500,3259100,10164700,335200,796200,1229000,24716400,1922700,1694200,699500,458800,782200,881800,376100,1220600,1035500,4414800,1218900,8858100,26316200,2729100,1839500,1363400,760800,10085400,254100,551800,4305200,1621200,1022700,1594100,476900,1913500,2948300,1841500,1041800,2673500,2945000,6983200,1258100,2757000,27422700,2488600,355000,155100,1571200,2227000,1311500,37831300,888000,2653600,2657900,1243500,4849300,2736500,2309500,1558900,1526200,1497000,853700,95108500,2312100,1633800,1568900,4309000,1235500,236300,8970900,1543100,438700,584800,2555700,1866300,3495100,2703000,48099600,5648700,5417200,3834700,5083900,2325700,1318700,398200,927800,1532700,9198100,16163100,1354100,730300,7069800,32200600,2445000,1073000,2234100,53247000,762400,1189100,10485800,4670400,2362200,6861100,258700,493100,3873700,1644000,3463900,17177200,2571100,2583600,1555600,1410500,551700,25523000
2023-05-05,1890100,20608900,750200,113316400,4447700,1012900,4025000,1901200,2592100,4260100,3672100,2507900,1455100,1281200,1325900,3328700,8358700,2460800,7504100,403000,852300,2047000,2363000,595900,1366200,2244500,813800,4874200,10166100,78407400,717600,2806800,709000,1210800,56912900,3034700,714600,1150400,768900,7296900,730900,2294300,2561700,721600,1169200,5202400,755700,2486400,514300,548400,2221900,75800,3870100,50050100,2760600,3290100,5333900,1383900,1467500,2766800,990300,1734400,838900,5034100,788200,7325700,484300,8561000,527400,985000,9163100,3744600,1191900,13380500,1972800,2739200,6581600,2716300,1395800,962900,1671300,2382300,52101900,2347100,1749100,1088900,1293200,2359300,3319000,10434700,1114700,843000,854300,3767900,593300,5359300,2174000,8320200,18935300,984500,321200,866000,1611500,2042500,2936900,2692200,131500,5566700,1708200,1464200,1589100,643100,498100,4282800,14315100,1615000,8863200,307300,4703100,12853000,3853000,3142500,10647100,5801500,3892200,4139400,8694400,2639600,1862600,1675600,1227100,1059300,2456300,2061600,9289100,13965400,2142800,1971000,608700,4145300,493800,1225500,823200,2588900,590500,8310700,2038700,2170200,2806500,5206400,959600,2218600,455600,1569700,3312400,800300,758400,3884800,3401100,6165500,1495600,431300,1264600,5568100,1336400,283700,1914900,741700,6990400,1523600,1567400,3849800,1424400,7073300,1586900,64138800,2272100,2161400,13539400,240800,1157900,5792600,462300,148300,4910400,2163200,12577900,811100,816100,764800,3060000,37913710.0,647400,1652000,9353100,2427700,1050400,5029000,1077400,4103600,4613700,2541500,618300,4008700,17183400,1051200,20705300,26625100,821500,1670000,888500,2412900,236700,8593600,1823800,28412800,1247900,3806300,1487300,1455300,444200,1130100,855600,2088100,7425200,4591600,1787300,551700,8677500,727900,549900,3155400,4970800,2010300,443300,367300,1428300,801400,1626600,35010800,1800100,2446200,2006400,4171300,960600,3022100,873800,1225300,488600,1079500,3078100,696000,532500,6385700,989700,5193700,3633700,11259100,2698400,11869800,32452800,848900,7676800,4341600,892900,1636600,12836300,1422200,9037300,3770300,498600,2192800,1307600,424300,1280300,1113600,640500,2752900,930000,3808100,1649700,2495600,1401800,5802100,3183100,819000,1383400,6701000,2682800,323800,1638300,1440100,1815400,9466900,1431200,873700,5461000,4332700,6799600,26978900,5286000,545100,776600,246200,511000,1102600,1943100,8246300,5962300,370000,3615600,4350500,2187500,4534000,3376500,11167200,8286500,423700,28181200,1501300,2045800,5545200,237500,12305900,17420900,1978600,167600,6215500,7281000,3988600,3462300,4887500,474700,1302600,5937400,1183100,1152200,1685800,2149400,36101400,19000,8480400,700800,1684000,2405200,3226500,597400,2381000,1706000,1555800,7087600,8062700,269900,1478000,11258900,52320500,1304100,1539300,2402100,10965500,4279200,1739700,4146500,19221400,1227100,3988200,3124100,1030800,2454600,536300,818061.0,1994000,2426800,4790100,872700,495600,976000,284300,987400,5717300,2561700,643400,2720800,814700,855100,1861200,11941800,10736500,2137800,5897700,378800,902400,637000,14479600,1003600,1258900,713600,385700,451700,1163600,329700,1765300,1482900,3260000,722900,7812000,22007000,1100800,1136500,1008000,650500,9900400,231300,679000,3945500,1340700,930000,1293700,508800,1813900,3496300,1564400,1063900,1874300,1636600,7007900,1501100,1930200,23697300,1586400,281700,135900,899400,1661400,2098700,24198600,437300,2186900,3987900,962400,5091900,2770200,2238400,1242700,1517600,1016100,912800,107440900,3647400,1705900,1452100,5494700,1283900,250000,7765700,2407100,344600,479300,2328500,2065000,2775300,1005500,28222000,6237000,5370300,2767300,3872100,1068100,1233800,470800,1119400,1902100,14021500,15809500,1287200,564500,6666100,43776200,3032200,899800,1697200,27036200,577000,1095900,9884100,4850000,1308000,2597300,269900,349500,3052200,1560300,2147900,14964700,1419400,2884400,1361600,993900,486300,14680200
2023-05-08,1005300,34586900,868500,55962800,3689500,750800,2445500,1995700,1843000,3135900,1936900,2272700,1001600,1045600,1253600,2476700,10712700,1620500,3567400,238700,432500,1238500,2718600,694400,1394200,1323900,381800,3247600,6165200,95503200,630900,1667800,647300,1311400,49430900,2191300,518000,919600,530400,5607100,1027100,1340400,1882900,606500,837000,4070600,533200,1393400,313900,560000,2271600,77800,4677400,34245500,1793500,7650300,3774100,1645600,1497100,3000900,1180300,936100,482800,3216900,344900,4671900,374500,6142300,469900,823400,14045400,2101100,1004800,8760900,2245800,1779200,6666800,2414100,1332400,673600,1492500,1854500,44199800,2588400,734800,1073300,1568300,2360100,2918500,10999900,1402300,941100,731500,2357900,438800,6564700,2593300,5511800,16351900,641500,342800,712300,2092100,1507700,3306600,3118000,183400,5058900,1015000,2567600,1760800,522100,415400,4169400,12000000,1116200,8938100,325700,23817500,6530800,4825100,2399400,8329600,5028200,2671900,3764600,8726300,2365000,1106500,1308900,1028700,890600,3125800,2505500,10810100,16187100,1564600,1565900,517300,2725300,458700,1746700,791800,3099800,787700,8842500,1860800,1733400,1831400,3781700,845300,1524900,558500,783300,3816100,648000,522600,1855300,2784200,2967700,1133700,280200,1478200,3551600,1364900,267500,1657400,847700,4802400,686800,2148200,4748600,1379400,2780200,1145900,49943800,1589600,1953700,9274700,180700,1058100,4607200,476000,195000,4017000,2189300,9239100,528100,586100,916400,4548100,23037020.0,635400,1099300,5872800,1869200,719300,3417500,842300,5304500,3823400,2229200,346800,4578200,11267400,1319900,17266000,26511400,1045500,1065400,512400,1607300,180200,5887700,1820800,13031500,934600,3736500,1124900,1433400,338300,731700,921100,1494500,7283200,4672500,2015600,1040800,4788800,589500,672400,2162200,3663800,1594000,359600,260300,1406200,1460600,1239900,30882800,1359600,2044300,1749200,3217400,1178400,1793300,941100,1048900,426300,821700,2670600,713900,453800,6068600,442700,4994900,2999400,7484900,3149700,7797600,20407800,791400,5869900,5288700,687700,1421800,9769300,1709600,7240700,3303000,793000,1458500,1337500,508200,880300,1261700,817800,2478600,808300,3740500,923900,1586500,795700,6960100,2505600,506300,955300,2323600,1719600,369700,1244900,1247000,2969600,4222800,1191200,494200,5676500,3287600,5420000,16400500,3913300,351900,775600,224900,463600,956400,2094000,5761300,4434200,303100,4325200,4440900,744900,5157300,3990700,8691400,5825300,461100,21318600,1096100,1145300,5096000,100500,11510400,15723300,1906100,173800,6751700,5524900,5488600,3460300,3892600,418200,1446600,5725700,1414000,898200,941300,1124300,34497900,15100,4425600,369300,1127700,1306500,2160400,699400,2251100,1658400,2246900,3421400,5314800,355200,1546200,17632100,18853400,738600,1205100,2144300,11621300,2418800,1468300,2249900,20101700,797200,4950700,4254400,759200,2101400,439800,612460.0,2002100,2278700,2867100,1177600,692500,770100,207000,1258600,4194200,1450300,922300,3352800,410500,821200,1571900,22864000,6694400,1585700,5377400,288000,434200,539900,9316300,1886500,1062700,736300,348900,421100,1067100,341900,1385800,1092900,4243600,707300,6090700,19204700,841400,2049500,1085700,819400,8861800,192800,628500,2971600,1149600,696200,929000,432100,1501300,1754300,885100,1221600,1566300,2832600,4361800,758200,1749000,32091000,1835700,367700,114700,716800,1071100,1113100,16557100,422300,1495200,3066600,1029100,4526500,2869200,1493000,924100,989000,945800,666800,112249400,25258600,1687500,1117200,3831300,1026100,164400,6963100,1172000,311400,427700,1738500,1973000,2589100,749400,22304300,2938400,4635700,2408400,3180000,515800,796800,390500,707900,2490300,24026400,10672400,836600,887300,7021100,20909500,4039500,1350000,4200500,22735400,417400,889400,5642200,4975400,1052900,2090100,344300,441100,3942900,1836700,2171000,11187800,974400,1523300,981400,1304500,384100,12038700
2023-05-09,3437100,19682700,754400,45326900,4201600,1190400,3274300,1686800,2712000,1879400,3353300,2464100,1204400,959700,989200,2026700,12860300,1440000,4876100,344900,816400,1833300,3323700,585300,1506900,1945200,668200,3173700,6281000,68674800,601300,1468900,471200,1511500,44089400,2211900,434000,780700,636800,5810200,1863000,1547800,2548200,510600,1449600,4752600,340100,1699000,448900,705800,2322700,121000,9329500,32188800,1504400,9329700,2210200,1808700,1096900,2027300,1094100,906100,257700,4023400,339500,5517800,441700,6408500,439800,697500,11125100,2100400,1526200,10188800,3642000,2105100,5662700,4111900,1131200,734100,1780700,1782700,26602000,1875600,1024600,972500,1758700,3158300,3053000,6566000,1970500,1019500,1035300,2177700,322500,3363500,1553200,3207900,23318300,722200,137300,1330100,2509900,2081400,3852900,2003000,121500,4896100,1571800,1615900,1585600,641000,442100,6996800,15221900,1207800,9081000,398500,8310700,4628700,4752700,2771700,6448000,5019800,2853700,3449100,5845700,2031900,1478700,810300,1246300,892700,2225300,2688000,6829900,19641400,2121000,992200,683600,3285300,432400,904500,859900,4174800,2777500,13774400,1672800,1301000,2916900,3785000,859600,1469800,575100,1110600,2370600,601900,619900,1941700,3613700,1782200,1110000,382100,2094300,4711700,1473300,285600,1100200,568100,2518800,845000,1585300,5559000,1530800,2424000,983300,42878300,1420000,1804800,11133300,207000,969500,3662800,636300,158600,3639100,2393500,5738700,392800,1032600,1377800,6425600,23608650.0,465000,1208800,4814400,1837100,1047100,5204100,2499700,5703400,4546600,2191700,883000,3321400,11841900,748700,24782400,36360100,682300,1696600,594400,1253300,192800,8923600,1174800,13079900,1069300,2570000,1013800,1309900,456000,1074000,3719100,2237700,6304000,5547100,2032100,2623300,4789200,903000,941100,5901000,4540000,1975700,220600,351300,4413100,910800,1583200,30706500,783700,2053200,2177500,4134900,1286400,2063000,1002800,1122200,333100,732500,3187900,2016900,555600,4114000,508000,5520500,3823100,7343600,2896300,6139300,14911100,548700,7023300,5330900,798900,1372300,7623300,1497900,9067700,3842000,730200,1680500,1704600,642500,838500,1015500,1001800,2601600,623800,3292700,1365400,2249900,1000200,4653900,2776200,913600,1201900,2266000,2036400,504000,1400100,962500,1637500,5017400,2170600,584500,3825700,3245400,7741400,16865600,4119100,522700,1125200,231300,283100,1200300,3121400,5574000,4401700,288300,4847800,5638000,744000,4933100,2560400,10437600,4381400,353800,21340800,590300,1078100,4778000,106800,11895200,11962700,1040300,159700,5588100,4898600,5544900,3047900,4082100,462200,1171500,5847900,1194200,1826200,925400,1622200,31486900,17800,6902600,625700,2008500,1963000,2526900,620000,3450200,2096000,1980300,4736900,6333500,343400,1293100,13373200,14977700,680100,2051300,2134800,18187400,2997900,2091300,3087600,15987900,1595300,4472100,3595100,1195900,3538200,651900,1124188.0,2745000,2908200,3063800,899800,492200,578600,227900,1303800,5482100,1856200,976700,3274100,713300,889300,1155400,68702600,7804100,1733300,4045800,399300,676000,464300,8860600,1759700,1268100,684500,417200,602000,1173100,261900,2045300,1116900,2928400,770900,3682400,11467400,961000,1046100,875400,900600,9834600,321600,559900,4205600,1434700,863700,1454000,509100,1310400,1776700,2185900,747900,1700100,11583000,4518600,782400,2061000,29058400,1560900,625900,155400,785200,1247600,1693300,10184100,355100,1886000,3278100,1225100,5038300,4089000,1438900,925300,946400,1076600,662300,88965000,12081300,1219600,1044800,5736800,1030800,218500,4906900,1245500,379200,538300,2038600,1606700,2180600,631300,18209200,4352100,5018000,3894300,4146000,560400,700500,390700,871000,2787500,12013300,12226800,944100,1600400,7951600,20611200,5914000,1200200,4261000,18999100,472400,1511400,5122700,5069900,1505400,2579400,353000,267200,5347400,3359700,2102800,11370800,1670900,1452700,1094900,1017600,432900,4999300
2023-05-10,1255700,21469100,751000,53724500,4127300,822900,3129100,2081600,2800200,3386300,3364700,3108100,1007900,1437600,621500,1657500,7297700,2187900,4853000,292800,1170400,4274500,2329100,504700,1225500,1642800,605700,4101000,8304900,95619500,756400,1530800,483500,1628700,78627600,2200600,403100,647800,679700,4886100,1199800,2206100,2681100,736900,1046100,7229600,489300,1917400,554100,967400,4602600,110600,3923700,44446400,1556600,7169200,2972500,1401100,805900,3135200,981000,795100,260200,3657700,411800,8941000,622400,8841700,468000,795300,6123000,1963700,1385200,11840000,7515400,1996900,6609000,2446100,1001700,803800,2075400,2139800,29655000,1734000,1404000,1043100,3777900,1629400,2303100,9605700,1517500,999600,619700,2772500,321600,5094400,1215800,3297000,19204300,1002800,199800,1581100,1629000,1957100,3529500,2156200,260800,5285900,1257600,1724100,1604900,844600,805600,6535600,15625100,1208700,9976300,388600,11147700,4995700,2965600,2707400,7125500,6161200,3273000,3730100,9025300,2356500,1014600,1105700,1709400,724600,1442300,2762500,19525200,13915500,2030800,1025500,579400,3888200,399400,1347000,1067400,3008200,1055000,12036100,1751700,1821300,4824200,4297800,1204400,1504400,749500,958700,2230300,779100,700600,2368600,2957800,2578600,592200,378700,1684700,4374700,1844500,382600,1435400,750000,2616600,1293900,2398300,5421000,1616600,3455500,1101600,49193100,1541200,2183900,11944500,234400,1480800,4488000,539800,172000,3414400,2434300,7405200,574200,1036600,1505200,5386100,18769830.0,458600,927100,4056000,2205100,1263100,4032900,1792900,4631300,5613900,2470800,537000,3638000,15418400,961500,47533500,63153400,682800,1432300,673100,1752200,180700,9392300,1262500,17353900,1029900,3571000,1299900,1180200,360500,2136200,1343600,2158300,8438100,5733100,1483700,1649100,6417300,776500,646900,3308600,4189200,1748200,288900,321500,3212800,2747500,1914700,40526500,1425100,2371300,3335700,4956900,958600,1575100,1498600,1274000,326600,1164400,6382400,1249300,487100,3435800,422900,6756600,3021200,8133400,1929500,6270700,24936000,1080300,6066200,2788400,881300,1678800,10278300,1666800,10134000,5119800,662400,1357100,1424100,493700,875700,1304300,943600,2766300,850900,5564400,1474300,2715600,1096800,7088200,5601200,779300,1278200,1663000,1940800,605200,2198600,993700,1849300,6898700,1244800,1072100,5160400,3599300,9041900,19119000,5181600,575600,1100500,265000,293700,918900,2744100,4261100,8391800,307700,4202600,5078400,782400,5605400,2842800,9754600,4884900,559600,30078000,546000,893000,5556700,104300,14548700,13523300,1778300,213800,5696000,5843100,4289900,3103200,5052600,559600,1537700,5739300,1591400,1417200,937100,1812200,36935000,20500,6832000,911500,3342200,1490300,2665300,664100,4612800,1979000,1291000,5187100,5935300,350900,1871500,21378600,18320700,563000,2249300,2289900,17618500,3871000,1977900,4352900,15858200,990300,4754900,2644600,1452900,3006200,601700,1098458.0,2377100,2667400,3473300,994000,423300,625300,250800,1019800,4855700,2089500,600200,3323800,501200,711000,1468000,46309100,7980100,1469900,3040000,269100,579500,432800,8453300,791400,1393600,624000,349800,1243100,1350000,449700,2612300,1077300,3329300,1069900,4565000,12343400,876600,1650000,958600,781800,10124100,239400,563000,4021700,1364700,1407100,953800,591700,1831400,1733800,2091100,672300,1618500,2539500,5265000,902200,3421200,32892400,2789200,445100,216900,790100,1595800,1442500,11861000,287400,2804800,3830500,1586100,4738000,6581400,2307100,866100,1274100,830500,973200,119840700,8770000,824200,1355700,4428800,1566300,213400,7466900,1545800,498300,755900,2018700,1703500,3233300,733700,14492700,5245000,7240500,4296700,6454000,738500,1118400,427800,1199200,2033200,16503300,14427500,910300,951400,6884600,21790000,4099100,1200700,2426300,17941600,755500,1240000,6260900,5275900,1150300,2965100,308600,216500,4935700,5041500,2963100,14884800,1027000,1344700,1595200,1163400,257400,5689100
2023-05-11,1580600,17049600,676300,49514700,4300400,1165600,3879400,1251300,2915700,2183400,2252600,2640400,1935100,731400,801500,1676800,4653900,2324000,4446200,286100,497400,2222000,2400600,753400,1276200,1730900,658600,3630400,5902200,57061000,720800,1612400,332800,1714500,74924800,1811200,320300,539700,1235800,7427000,1234500,3380400,1727100,561600,806500,6943000,573800,1443000,763400,753100,2900300,119500,3322000,34897300,2309800,7875700,2074000,2153200,983400,3873500,1067900,726300,307100,4660400,212300,7293800,726100,8416100,462600,718400,9018400,1191300,1586900,11222800,5770400,1626500,4128800,3263300,1746500,836700,1296600,2053500,25870000,1936200,1841400,792900,2706200,2497400,4541000,8251900,1454700,709600,664300,1964300,549400,3243300,922600,6203100,19003400,938900,216200,1115200,2419200,2631800,4750400,3009900,262500,5671700,1046700,1287200,1853500,571000,1166900,5366300,12521900,1148100,6927300,401000,4891000,4728900,2903000,2211100,6537700,6666100,2455400,3379600,7620000,2071300,1825100,1354100,1482800,1024600,1780900,3902300,57127200,14437300,2082800,984600,863900,5499600,462600,1492100,872300,1824300,1031300,7922500,982700,1730100,3183900,3847500,703900,1628900,616400,2011100,2087700,823600,945900,1953600,1969900,2320900,626300,572700,1432900,4082700,1732000,211800,1145900,911800,2263500,576500,1744500,5803400,1203900,1572500,642800,43030800,2231200,2058700,17097700,188700,1286100,4692800,427600,197600,3697700,1856900,11100700,318400,1095200,1227500,5624300,10306350.0,799600,1122300,4397000,1977000,1491100,4084300,1504800,4640500,5123500,1822600,487100,3645400,12319500,771200,57115100,78900000,695100,1760200,688600,1515200,280200,10903600,1386700,18104100,1418100,3859700,1577500,1096100,329900,1368400,1049500,2870800,16141900,5564500,1698200,1021600,8058500,652700,559000,1681700,3446500,1320100,228700,422800,2048600,1256400,1488400,47144400,1573300,2898600,3981600,7505100,1217900,1572200,878500,1305100,388200,905600,8258800,687900,565100,2251800,576600,5867600,2527100,7057300,1531700,6421700,19256500,1023400,4147900,4364700,744300,1618300,11477100,995800,9581500,3743800,817300,944400,1293300,756300,850100,1336700,805800,2595900,645400,4076700,936300,3015600,716200,5568900,3818000,739100,1798500,1656800,1901200,593900,1448000,1284600,1955100,4613200,1456200,846200,3679500,3995700,6096600,20449000,3837400,399000,1000500,184300,264700,1665800,2774000,3718100,6437300,415400,5997500,3579400,597500,5596700,2868700,8579000,6717800,338700,31680200,461100,1477900,4350900,170000,15536600,12335600,1387700,178700,6542700,8191600,8033500,4283700,5923100,698900,2018800,5276700,1802600,1018600,1619200,2507800,32214900,17200,5006400,1275300,3907300,1471000,2319500,619600,2444900,2293000,1428200,4438200,5144500,266500,1323100,14178100,19051700,838300,1919400,1782900,17963400,3144000,1961500,3690200,28566400,1905300,3495300,2037800,843100,1939100,454300,2177139.0,2373600,3554500,2511300,1159400,700900,616700,255200,946000,4208700,2351200,716900,3428400,444500,686200,1442900,27903300,10630500,1319900,2325700,141200,623700,661800,11903600,894400,765700,760300,498000,922600,1271400,344800,1991600,1012300,3327100,984600,4791700,11764000,695600,681200,1503700,780500,15134300,184100,597700,3206600,1177900,892600,1155600,1363600,1607100,2345000,1562300,1772000,1269500,2926600,8030900,1152500,3154700,21332600,2404100,223000,243400,1126900,1415300,1326000,16628500,213200,2832000,3981500,2326300,4137800,10166200,1577600,825900,1054300,727700,646500,103889900,7014100,998800,1358000,3320400,1039600,249700,4350900,2044900,489200,742800,2384200,1397200,3136500,574400,16413400,3818000,4607300,4469000,4411300,481300,1218000,335000,787600,2513500,9556400,11068700,1032400,829300,5341200,20095200,3682000,1214000,2530200,18536200,449200,1532800,4746300,3975600,1103500,1812800,510100,254900,3331900,4509700,2850100,17165900,932600,1278700,1144100,899700,349400,7247700
2023-05-12,1422600,16707500,755200,45497800,3526200,2355300,3325000,1076700,2664400,4278400,1376800,1913300,1257000,948800,2839900,3314600,5058400,1688600,3076500,297300,819900,1381000,1428900,568100,1043400,1689700,601400,3838200,5365500,53790400,957500,1295600,525700,2130700,49810100,1778300,286200,564700,1321800,4639400,694900,3302500,2272100,798500,933600,5799500,404200,1194200,460000,850200,2319000,110200,3168000,38101300,1643100,5003200,3551300,2147300,862200,2363300,769100,442600,250900,5724100,220300,5890000,906200,11964000,384200,589600,8251100,1643700,1688100,12810300,2883700,1185800,4160600,2172300,932700,771900,1317500,2336200,29765700,980700,1223000,545800,1338500,1991000,1975200,5959000,1162200,668700,779300,1161300,334100,3483800,925500,5193000,17166700,862500,218500,650500,1323800,2604800,3381100,2639700,434200,5003900,1471900,1664900,2162100,504000,588700,4733000,14094800,1159600,6915300,255200,8283300,5050000,4059100,1937800,5664500,4897500,2655300,2475200,8929900,1929700,1330500,2093500,1185800,1016700,1868800,3526600,21817200,14739800,1448100,1428100,839700,3259700,309400,1444500,733600,2216000,680500,5949900,922400,1410000,2533200,3690400,836400,1624600,634600,1508300,4013600,600500,729900,2625200,6716600,1874100,860900,300700,2094700,8721900,1803500,313500,892100,636000,3787800,799400,1565400,8934200,972800,1886200,513900,45100700,1705100,1521800,10941700,262700,1641200,3399300,533900,305500,2178400,1711600,8802700,267500,776300,1131100,4623700,7340507.0,440800,23871100,3702900,2065300,1137500,3457700,2577500,8372200,3518600,2145000,300100,2636000,13026000,797600,31272500,41073800,510800,1049300,440700,1098800,176800,9583700,1590500,14215000,1171800,3436100,1442200,1213200,266500,1245400,1012700,2102000,14413300,7327900,1331400,674000,6113500,644400,459900,1834600,4560500,1621000,278900,309700,3059500,982100,1283100,24147300,1224200,2999100,2886400,5677500,1051000,1446800,795000,950200,611100,858100,5069400,576000,558400,3427900,422200,3904200,2687400,9986400,1519500,9123000,29028800,875600,4624500,5481100,686700,1094400,9109300,919200,8739600,4074700,427100,852800,1798600,523200,722700,1189400,1030500,3938400,696500,4326200,1087500,2261700,916800,5090900,2956300,1060100,1121700,1329400,2044000,553900,1053100,1641800,1801700,2907500,1027200,630500,5085400,4450100,12674800,16155300,5278400,545200,1298700,138400,309200,1552300,2455300,4105500,5599600,372200,5842400,3260400,373500,5233100,1894500,8438300,5208200,443400,19758100,610100,1312400,6539500,123900,12123400,13636900,2225000,294000,8314000,6288400,6079900,4563800,6571800,749400,1220900,7645900,1250700,677200,1047900,1432000,27402700,16000,6022200,1407500,5659800,1020200,2349600,631900,2075300,2501500,1668300,6477900,4994700,343000,1437400,9461900,14393700,506000,1010900,1730700,15700400,2465900,1726900,2739800,16511600,1740100,5252200,2155900,753100,2559700,323400,1063324.0,1427500,2229400,2211300,1051200,511000,469200,409500,871400,5434700,3240600,470600,2776300,489900,896000,1625900,28654300,7632900,1141100,2368200,187800,403100,394100,11186200,672700,772100,588100,374900,861500,1092600,403700,1978000,833500,2756000,579900,5167600,19332000,1180900,748700,2209600,757100,10198900,182100,761700,4820400,1010000,750000,889500,777600,1312500,3110000,1853700,970000,1797000,1304700,7193400,738500,2213600,27277300,1709200,184700,204300,777900,1260700,1210700,10728800,241100,3361600,6158000,1518200,3914800,3798500,1862700,897500,962500,652400,724000,157577100,5087200,863900,886300,2400800,1796700,145400,4201700,1850500,333800,925700,1536500,1459500,3346600,728300,16869300,3430300,4094800,4808000,3526000,469400,976300,286300,509200,1288600,7601100,10666900,1207700,618100,4846100,18620800,3386300,1115600,1887300,17654400,684300,1174100,4245000,5371800,1163500,2010600,409800,446900,2910300,2653500,2295800,12608300,794000,1242700,1114700,840700,221500,6214400
2023-05-15,1262800,14994100,970700,37266700,4391800,1810200,3020000,1959200,2762700,3330500,2435800,2630400,893400,835000,2271100,2788600,4990300,2010900,2942900,372900,955100,970300,2564300,474100,1287600,2144500,327400,5859200,6372100,51749200,1012200,1551300,525000,2134800,53011100,1648700,346700,561800,826800,4889200,678300,3442500,1872800,1072700,786100,12994900,703500,1461400,321500,594200,2271900,105700,2842700,38722800,1098200,3811200,4371800,2800900,939100,2057000,1015500,495800,255200,3246400,198700,5758900,501900,5908000,341100,619600,11013700,2220500,1349400,11911300,3382100,1575800,4415400,1925600,995300,536400,1005500,2422200,27705900,1698200,1434500,767200,1515600,2048300,3148100,5989400,1199900,659000,902100,1979500,374000,4477100,1033200,3826700,13489800,935000,181800,597100,2109800,1793000,5047000,2541600,248000,5838100,1135700,2705500,1579700,982300,418700,4518200,13204400,869800,6837400,228100,9022700,9044500,3677400,2049300,6472300,5096700,2357500,2941500,7586600,3589000,1466300,3291300,1207600,745200,2008000,3351600,16792000,12357400,1406100,1916300,839800,3774800,399100,1216700,671500,2020400,853000,7187000,1474300,1565800,1826400,4196500,604400,1838100,514900,1256000,2190900,936800,612700,2208800,3397400,1640600,581900,328000,1370700,11037500,2119700,276400,1317000,774400,4106300,994000,2291500,6569300,1003700,2395400,874800,53197000,1650700,2504700,13039800,221800,1863900,2423200,573600,211800,2747700,1805000,5536100,478300,618100,1093000,3188800,9041854.0,421800,7313200,4580000,2368500,787200,6363700,1187900,6240200,2723300,2629700,398600,3081400,18841100,973700,22107900,36266800,749800,1964000,582800,1178200,263700,7121300,1988200,14622400,769900,5353600,994900,1301000,237600,1377500,1106800,1565800,11484500,5953600,1695300,980100,5121200,677900,447000,1724900,2915700,2170600,339600,333100,1890700,1280300,1429700,28717500,2088000,2104800,3104700,4135700,1305000,1143300,809400,1308500,422100,800700,5339300,516200,477700,4336400,515700,5104500,2864400,7639500,1754500,5532700,22334700,1539400,5675000,4355900,1204900,1720600,23096800,1324800,8150000,4924600,499600,1214000,1639900,479700,630000,1378800,607900,2234800,668300,3265200,1146900,2971500,1745400,5574500,2836600,958300,1497300,2511100,1957400,491100,975800,1163800,1700500,3181500,616400,725000,3189500,4053200,10654300,20653200,4044200,365600,1422800,252500,473700,1231900,2407000,2739700,4920100,428800,4315500,3937600,416500,5697200,2279300,10096900,5032100,442500,16336500,508600,878800,11737800,76100,22227200,10926900,1224100,291900,5430000,8343500,3653000,2473700,5518200,491000,1501200,12745400,1312700,1275300,890200,1164900,29392600,22400,5386500,905200,4224400,1448200,2449700,580100,2260500,20718300,1602500,6125200,4443700,527100,1390000,9155600,14599700,563800,1551600,1992000,20198500,3750700,1439000,2946400,16650400,1136000,5414900,2204900,495400,2431100,685300,1616912.0,1510500,2600100,2256100,793700,733300,503600,260000,1423200,5341000,2452300,439300,3344000,514800,652900,1535500,20633500,7444900,1258500,2064600,141600,630200,355900,7643700,690000,949900,1062600,324900,509500,1573600,338700,2389500,824600,2556100,788900,4217000,22098000,870600,1377400,1233600,887500,6813200,211600,856800,3706000,936200,854200,941400,478900,936600,1978200,2576500,1334300,1429100,1856100,8338500,1128400,2024400,28697300,2135900,269000,228300,797900,749700,1247200,11183800,160200,4055200,6987400,1383800,4065200,6143000,2679000,734100,1352000,672100,1384700,105592500,4676300,949300,1458800,3789100,1186500,184600,4431400,2381300,887900,679800,2169700,1630500,3048400,684600,12671600,2843200,4643600,5042300,4612000,571500,911200,439500,691000,1535200,7036900,20408700,897800,709200,6351300,13879700,10442300,1234400,2221400,24405800,411500,1146600,9341000,5371300,1019200,1819700,436900,248000,2415600,2429200,1708600,13715600,1053700,1469100,896200,905300,235700,6312400
2023-05-16,1190000,20303200,1015800,42110300,4685400,1374200,3393800,1952400,2079000,2558300,2178800,2659400,1706800,1059900,1781000,2482900,5993100,1751300,4336700,232500,738000,1207900,2260200,569800,1337300,1196700,512500,5080700,7142000,90622900,1083900,2646500,508400,1395300,71472900,2106000,248300,545300,776500,6104200,663500,2137400,1556200,828200,677800,6490800,611200,1496700,664600,789600,1960200,106400,3012100,33347500,1696900,4691200,3048800,2480800,698500,1599300,988600,638400,230900,3409100,225200,8662400,362700,7870500,551500,1044000,5515300,1671700,1509800,9201200,5016300,1557400,7685500,2771500,1220200,526900,2789900,1880900,30032700,1421200,1254100,731500,1283100,3709100,2673400,5354400,1725500,996900,999800,1601300,322100,7159500,927300,3447400,12333000,733100,228500,914500,1981500,2107400,4460600,8300300,280300,4822200,1229300,3388800,2067900,769200,398700,4423200,16496300,1032800,7801600,286300,4138300,8517200,3990300,2066900,8476000,7007700,3962500,3264900,8646700,2152300,2181300,4000500,1752900,689300,2517700,2682800,17013300,11806100,1539100,1331700,880300,4611000,582400,1582300,759700,2209000,993900,8030900,2232000,1331800,2664300,5570900,722400,2261200,357400,1232600,2021000,767700,1153100,2743300,3329700,2466900,385500,420100,1261500,9003700,2306800,250000,2031300,676600,3884000,960200,1407900,8434600,955900,3159300,624500,60514900,1591600,1873100,12940400,322000,1529700,2362600,546400,146300,3358200,1752800,5322000,308500,990700,1329900,3368100,6447464.0,479500,3479800,3399100,1315800,942500,4408500,2668900,5583100,5764300,2191200,402400,3696400,11069600,1117600,32370100,45035600,720900,1573400,674100,1618900,231600,8574300,1372100,12304600,888900,12362100,1281400,1301600,223400,1707300,1211600,2050700,15408600,6263100,2230800,852500,19574100,906300,630700,1987400,2748400,2292900,489800,455300,2548600,1376300,1246000,22812000,1574100,2197300,2998700,3120900,1114400,1527000,789100,811900,948500,875500,2957000,620900,636100,3724300,760500,5599200,3104000,6477200,1806400,6446900,17399400,1977300,9100700,4445200,1278200,1617100,15905300,1276900,9129600,4495000,515800,1322700,2058000,564900,936200,1065300,731800,2128800,569500,4617800,1282200,4683500,1738500,5016900,3351600,1000200,1101400,1575500,2762700,524300,1119000,2048900,2859500,3354200,860200,871600,4389300,3888900,10426800,18163800,4322000,899400,1064500,285400,367900,932700,3743100,3015200,6163600,366200,3571100,4514600,350600,4278200,3686600,8773400,6862900,470300,26730300,455900,1106500,4054100,105200,15259000,10199800,1213900,293400,6215700,8658600,3332200,4460000,8306400,448800,1628500,8308300,1157600,1674000,1005400,974400,44940500,19800,15052500,603300,2721200,1279000,3311800,706800,1474900,9415800,1101900,10998500,6896500,370800,1812900,10516000,16927600,358400,2063800,2977800,21025500,4507200,2079900,5803100,25451700,981600,5591500,2927900,470700,3037400,808500,553006.0,3417400,6273100,2243600,582000,529200,451600,368200,1247700,4863900,2334400,484700,4389600,478300,959700,1517100,17517500,7027000,887500,2812700,118800,654900,420900,9544300,845700,913100,802800,315700,504600,1343900,307400,3029000,967400,2534100,1109000,3676600,12351700,1047400,1280900,1477300,815900,11890400,258800,859600,4008200,1472800,683000,1596200,347800,1397400,1765700,2061500,1249600,2080500,1581300,12246800,974500,1666100,31200300,2926000,313400,198800,930800,893600,1033100,11692100,180400,5805900,8043500,903500,3657900,3857300,1869000,1052600,904100,621200,1653400,98288800,4047000,1160400,1635600,4272900,902300,254800,5617300,1972700,1159100,997300,2178900,1893900,3458900,645100,14997200,4289700,4890000,4978100,4951700,580600,962000,291000,827900,1259200,5863700,20244700,716500,674300,5054600,20245000,4395500,1159400,2166300,21821200,1058400,927300,9360000,5170700,1103400,2529500,340900,323600,4424100,2382700,1770200,14795200,690500,1603300,1572200,929400,183700,4717200
2023-05-17,1968200,34905500,1190600,57951600,5482000,1784200,3801000,1876200,2486600,3560600,3002200,2719000,1257300,1212700,1284300,2674900,5808800,2030400,4081400,338600,908600,1578700,1581100,718000,2223400,1719100,497900,7349600,7434400,75240900,910400,3352900,417000,1181100,65655200,2352400,391700,1340200,611100,5572100,770200,2828500,2392900,908600,822700,4644300,582300,2413300,453500,738400,2446500,103400,6641900,61750400,1257300,4206600,6040800,2541300,1079200,2111100,848500,585400,317600,4246300,297600,10364600,478300,9338400,487300,794500,7134400,1903800,1503500,16359100,5371600,2466800,4742900,2897400,1386500,619500,1647200,2528800,53763700,2103500,1293100,1146500,1029100,2329500,3773300,9696900,1612300,1131600,990600,1639100,373200,3083000,795700,6128800,13146900,1326000,263900,978900,2742000,2461500,3972300,4784100,374900,5013700,2069500,1987400,3099400,784600,1052100,5772200,29326000,1305900,16734900,262000,4006100,6553300,3888700,2952100,11572100,6169600,2922300,4057900,16957300,2370200,1843900,2546000,1530800,831900,2356000,3061500,12461600,10464600,1615300,1601500,657000,4777300,698300,1921800,858700,2967400,844100,7930900,2272300,1690400,2899600,4442500,654400,1742500,547000,1607600,2031900,1175600,751700,2853600,2930200,2587000,554100,336000,1296600,6324100,2725100,282800,2022500,1279200,3457600,1375000,2414100,6907300,1150200,2442800,809300,50077500,1471900,2254400,14459700,308300,2702400,4010900,426200,181400,3735800,2599000,8862700,366200,774200,1030400,3940500,4590588.0,470200,3136200,3466300,1476400,1068500,5484200,3716300,6256400,5506900,2772700,439700,2549800,11269500,783800,26659600,33323600,617100,2080600,620800,2098100,178700,9419100,1646900,14795200,949300,7956900,1213300,2292400,410400,1501500,1633100,2421000,10489400,5741700,1579400,820300,4419900,1167300,637500,1777500,4515100,3467800,362400,369600,2773600,840900,1188100,41667300,1280900,2353700,2445500,3207400,1262900,1876400,805000,1261600,698100,937000,3530000,637300,755300,4251800,623600,6840700,3234700,12711500,4157600,7575100,25671300,2668100,7796800,4343500,1170600,1403700,13790000,1383500,11583000,4432500,690000,2009300,1710900,535700,1505500,1296300,1066100,2274200,1101900,3768000,1045500,3755900,1667200,8269400,3476800,1000600,1352600,1934600,3260300,582200,1073800,1331100,2802100,4100700,1124500,876200,4907800,6632000,6853400,21193100,4090700,449400,1021000,161000,303400,1993500,3578000,4241500,6316200,358400,7285200,3730500,638000,7210400,2574400,11964700,8216700,389500,24315000,651300,1073400,3969100,110300,15947700,18621100,1858800,242600,5408600,8409800,3958800,3666500,7765400,758300,3217600,6236700,1374000,1274600,1809800,1074100,43253500,19400,11987600,1030100,2276900,2081100,3722300,717600,1890900,5842500,1552000,12764700,9436000,446900,2546300,9549100,15776200,563600,1667100,2250000,14484600,3418500,1746400,4878800,23206400,1148900,4286900,4312200,631100,2595100,490600,955190.0,2684100,5658000,4488300,854100,505200,341600,238900,1212200,5414000,2455300,495600,3408600,803000,969200,1635900,19938700,9504700,1147100,7319000,2127700,978300,524000,10619600,1019600,874000,801100,647200,470500,1392200,626900,3345300,1280300,4626800,818600,4757300,19884400,835300,932800,1792200,729300,12579400,265900,1103600,4411600,1212600,870700,1696000,440200,1814600,1470200,1806700,1359300,1481700,1970400,7632100,1013800,1531300,34154700,3795500,235100,230400,997700,1657100,1431200,18087200,206900,8387700,11852400,1284600,6752600,4680900,1519800,1018000,1004500,992400,1286500,125473600,3603900,1301300,4367500,4910300,1097200,351300,13632700,1952100,671300,618800,2682000,2273000,3882200,876200,22429700,4990100,5560400,6599300,4231400,572700,1087000,348500,1073800,1594700,11848400,16741100,841200,653200,7651200,15072200,3893600,1569500,1911000,29241600,605800,1877700,6372800,8995300,2350200,1416700,384500,413700,4708200,5680500,2118000,14064700,2938800,1957400,1690400,1071500,227400,9082400
2023-05-18,1637000,21604500,737700,65496700,4791200,1648600,3481600,1739800,1869700,2896400,2959000,3053400,1598100,1591400,1256600,2595400,5175700,1755900,2533200,442900,1036700,1172400,2021800,730200,1231800,1512400,575900,10891200,4764900,74338700,856300,2245300,398400,2387500,73174100,3299400,346300,815900,628200,5717600,788700,2966000,2278500,961400,842000,5276400,567900,2638900,457600,719700,2629800,133800,4349700,51146100,999000,3338200,9977800,2048600,1394600,2812300,889000,616800,212700,4175500,337600,7945400,1125900,10080500,401500,922000,8038700,1616400,1386900,17618000,4019500,2945700,2763700,2643600,1504600,425900,1634500,2628300,33835000,1222400,3005400,851800,1010200,2849300,2600800,7865400,1665800,757300,1013500,1718800,578600,4043700,906500,4627200,18785400,940500,305600,828500,1720400,2548800,8559600,5913900,264000,5503400,2298900,2092300,5252300,562500,595800,5165500,41475700,1615900,10551500,336700,3120900,11137500,3770400,2714300,10537500,7477700,2783000,4886800,9786300,4130800,2034300,2083300,1515500,1098600,2809600,3659900,15014800,10224400,2439100,1616300,809000,4451900,564400,2024600,1257200,2775800,1130500,6115900,3706400,1598000,2421300,3240800,938800,1806400,567400,1503300,1918200,954400,1199200,3074400,2503500,2465100,442700,394100,1176200,9080500,2210300,288200,2729900,1147900,4320800,988500,2893900,6997500,1049500,2492500,732400,38181400,1211600,2662000,9791600,269200,2560600,3889900,521500,198900,4434200,3212000,6754500,381900,796500,973800,4198100,5786789.0,355700,2167000,4576200,2115500,774200,4606800,1483500,4922300,5049900,3395500,407700,2802300,14241000,995600,27014500,35234200,621000,1248900,563800,1645400,149000,10857800,982200,17851300,1490500,4547000,1140400,1375900,391600,1130600,1121100,2438000,17834500,4764000,1910900,612400,7248900,1010700,874500,1596400,3797900,2166700,352100,480600,1915500,1129200,1352500,36529200,1770900,2317700,1876100,5890400,1244400,1438700,805400,1391600,619100,1484700,2928900,806900,973000,4588600,691000,5173000,3869700,10999600,2054000,5969500,22661700,1374300,7300300,5330600,1187900,1273900,12066500,944200,13595100,4532000,517200,1078900,1686200,811700,1895200,1116100,849900,2268100,1456500,2711800,1077100,2275300,1922300,7223200,2622000,1096300,1143100,2806400,3729500,413600,1344300,1181400,2410700,5384900,748600,452400,5040200,4536100,5315900,22943300,3588900,322600,903600,218600,265000,1391900,2914300,3532400,6580100,478100,3845000,3359300,1017600,6437100,3008900,9938200,5367700,466400,27276000,654100,2266400,3597400,74200,30688000,13407700,1620200,213400,6970600,10091500,20925200,3551200,5970500,518500,2860100,3605100,2225000,1406800,871000,1140800,74872500,26700,6323300,476800,1714600,2910600,4197100,687300,1410700,4901300,1386400,7624200,10005700,347400,2172300,11296800,17445700,595800,1053100,2735000,19527400,3397000,2067000,3709400,27772400,1222800,6997600,3451200,736400,2702100,398800,822542.0,2129100,8395200,3077100,983600,681700,984500,322400,1202700,6442300,2338600,485500,4405000,645100,827600,1766600,19820500,9142000,1043200,2617900,1568300,2070900,501500,7355400,598700,869000,921600,444300,740000,1566800,360100,3706800,1052300,4277600,956300,5377500,12764900,764500,941000,1224100,936300,8372600,308000,2005700,4355300,1394400,1046800,1612400,333200,1633600,1855200,2010800,1487500,1457500,1757800,8524600,1117300,1967400,39142000,2350500,228600,229900,889100,1108300,2447700,17349200,197200,7881600,5139300,1073300,11619800,3312200,2320900,832200,959800,1129500,1384900,109520300,3395500,1403100,12476000,4916300,1027000,294900,5947900,2109800,556900,731300,3040100,1947800,2747200,817300,13204600,6621900,5008800,4412600,4692300,745300,790900,318000,1139300,1621100,8050300,20365900,759000,518000,6540200,16779300,5974300,2530000,1943100,27213900,867700,1899400,6379400,15589500,1685100,1686400,256000,476100,4607200,2459100,2403900,12005600,938900,1087500,1435400,1132800,360600,9029700
2023-05-19,1480400,17870900,962800,55772400,5609900,1772100,4487200,2176000,2213300,3855500,3598300,2731900,1504200,1522200,1973300,2117100,5907500,2024000,2732400,329400,919500,1477300,1577600,486200,1007900,2027600,572200,10255500,4685700,67830600,880500,2395700,453400,1250600,54990200,3326000,319500,1274000,595500,6769300,1072000,2461500,1713900,895500,949400,6296100,598200,2296400,389400,727400,2258200,153300,3891500,49984200,1368300,3147800,5618500,3444200,1237000,2353100,1121100,568800,259400,4661800,343600,5923500,1362000,9194500,518100,1052400,8495900,3735100,1426000,15406400,4016000,1552500,4903400,4401300,1670400,700300,3568900,1371800,28804600,1655700,1751600,731700,1127000,2407100,2543800,7046000,1817900,791200,983500,1079500,574900,3763300,923200,4762100,17728500,1080800,285900,788200,1901300,3645400,3883200,5463100,575200,6067400,1634400,2607800,2794000,514600,749000,6090800,28561700,1529700,9766100,277200,15844400,7686500,3194500,2284100,7919800,8099200,2496300,4236100,8997500,3038800,7518400,1542800,1493400,708400,2305800,3268300,16411500,7781400,3962200,1529300,683500,3743300,584900,1621900,1202400,2388100,640000,8284100,4994600,2079500,2241000,4278000,1019700,2209800,582300,1788700,1794600,891000,872700,2489500,3103000,4656500,973900,351600,1544800,7847300,1670200,236300,1762100,1933900,4035500,1994300,3004300,11999300,1085900,2487200,724600,43450100,1486200,1846700,8718700,249500,1583100,3282500,507300,206500,3827600,3224600,7801400,462100,604600,1216500,3921700,7308377.0,490700,2042800,4744700,1746100,1035200,5770200,1311100,7633900,5694300,4147400,433100,4233500,12598700,781600,30251300,41330300,689100,1471800,505000,1545600,260100,9637100,1962700,14659700,1512000,4469900,1571900,3294100,1175100,1218000,1517000,2669500,17190400,5223800,2184800,863300,6599700,1261100,1034300,1744000,4305800,3565600,434700,505300,1995100,1093800,1905600,40668700,1234400,2141600,3373200,5021000,1531500,1646700,851200,1370800,470800,1971300,4223000,507500,632500,5242000,1523400,6524000,3319200,13490700,1729700,4507800,23147300,1117100,5899400,4051500,1064600,1745600,9833700,1183500,14242100,4509000,558400,1160600,1816800,498900,1049600,1140900,1108000,3442800,804100,2767700,1719000,2768400,1225000,4714400,1966000,2547800,1652500,1421500,3368800,457400,1227300,1044000,2371200,3671100,848000,589800,5806200,6819500,5965100,21599800,2971200,472000,2950100,513700,246800,1272100,2698400,6867200,6555000,533200,3193000,2325300,532300,7647000,2599100,10577100,11177500,345500,27529500,727800,1506500,4130700,95100,16807800,12587300,1677900,199300,6336800,8345300,7850900,5145100,11672400,463500,1700200,2766700,2127000,1743800,940600,1329100,47312400,19000,6649400,558400,1420100,1988000,3424700,594300,1944500,3587400,1186500,8190300,8558900,492200,2092800,16006400,11046300,609300,1480600,2105300,23290500,3742300,2119900,3883000,33061400,974100,4752700,4873800,629100,2237400,399700,799591.0,2135500,4027000,2679800,867600,858100,487100,299300,760700,4385100,2536800,463300,3203600,710000,658000,2054200,19362800,5779700,1316200,2286700,723300,1533600,555900,8695700,794600,1473300,1113200,517800,686500,1253800,340600,5952400,921000,3527400,543600,4984700,11893200,715300,884700,1046900,770300,8359100,979300,1296700,4665100,1615900,1304600,1024000,443500,1295400,1988500,1307000,1365500,1253300,1117300,9911800,1036700,3050100,46655200,2106200,285900,204900,700200,1475200,1885000,13549100,195000,4454700,6440900,1313300,7716200,4675700,1442300,977800,966600,1255800,1368300,136024200,5728000,1597800,3795300,4790500,1253500,224500,5239000,1433400,605600,1273700,2317900,1798800,2350100,1181400,14999500,5399100,16212700,7915700,3702400,663100,1137900,492300,942700,1399300,9588200,16824900,740100,468500,4856300,13194200,3133300,1650200,1848000,19769800,440700,1454800,5157200,9195600,3716400,2453400,254500,413500,3875500,1921300,2068500,13357700,1023900,1843400,1295400,2357000,419300,7295900
2023-05-22,1764500,28486800,1117300,43497600,3866500,1651900,2809500,2533100,2044100,2626700,2494400,2975400,1521600,1058800,959400,1458000,3653100,1995200,2631200,265700,845800,1061700,1881600,757200,1367800,1579200,403600,4707400,7740500,65355200,731000,1848600,480900,1754000,70613200,2618200,335400,639800,847700,6325700,608100,1689600,1298700,806100,715900,8162800,529500,1779600,681700,1180600,2483400,179000,3091800,36428400,1151000,3625300,4183500,2941400,958300,1956400,738600,528000,218200,3248300,282800,4606900,648800,7356000,415000,1007900,7007800,3453700,1377700,14467800,4289200,1795200,3979100,2539800,1952900,366600,2573500,1816600,24201100,1114600,1847100,731600,945500,1908300,2321200,4953400,1652300,688900,960800,1025500,348400,6066200,1044100,3963800,13572300,1158300,312100,743500,1836900,2710400,5003600,2842300,316900,5561900,1942900,2347900,2601200,543700,580900,3889400,18665000,1639900,14019800,286900,5679100,7146200,3258100,2179400,7390900,11657700,1926300,3781500,9007400,1841400,2932700,1719500,1551300,544300,3121600,3129800,14130400,6215200,3322600,2249500,484400,3478200,439700,1159300,784200,2725100,528800,5507600,3029200,2391400,1445800,4693200,738200,1907000,829300,1371600,1571400,709900,713800,2229300,2617900,3451500,1028000,401500,1244700,6102800,1830200,191900,1459200,1650600,3304600,693300,1812300,6120700,1269100,1751200,584900,57331900,1669000,2398500,6280100,280500,1023600,2148900,553000,233800,3834100,2042000,7434800,612500,1030500,859100,2899000,10314450.0,408100,2380100,4492500,2150400,1239300,3986800,1354300,8425900,3559500,3156200,395700,4027400,8863700,785600,29722500,35203200,763900,3505800,599200,1498900,266700,8872100,1150300,12160600,1236300,3735300,1507200,1553500,398800,1731400,846900,1763700,11604400,5831700,2013100,722600,5805200,1274800,439400,1946200,2805500,1736700,337500,599400,1180400,1033200,1341200,28671100,1948500,1293900,3091700,3102400,1437600,1917100,893100,1045800,517600,1054600,3652200,342500,647400,5268300,512200,5672100,3959400,11398500,2083100,7028600,15715400,902000,5394000,4161600,685400,1751800,11296300,949700,15049100,4787400,515400,980300,1994000,463700,1202600,1207900,853400,4395700,628000,2108000,1010900,3530300,1042300,4650800,2389700,1234100,1228200,2181800,1808800,433600,1715400,890900,2514100,4828000,757300,700100,5655200,4699200,4044300,27715500,2817700,569800,1544900,304100,228600,1360200,4184200,3979300,6469800,371800,2540900,3000100,554000,5607100,1681000,8899900,5516200,274000,24080300,792100,1213100,6297300,101800,37473200,9336400,1439000,406100,4272300,6635000,5396800,7264600,12705600,508700,1360500,4913900,1875400,1368300,888000,1260800,37139100,35600,6538800,383900,1772000,1485400,2844500,592600,5355700,2956100,934500,5089500,5889700,460900,1553300,9432000,18136900,562300,1419100,1950100,15970700,4294700,2113000,5786500,85536800,1220200,7874700,2857100,762800,2771200,679500,565127.0,2130800,3062600,2451200,668200,497300,611300,325200,1018000,4581900,1818800,496500,2395400,591600,795500,1883400,20166200,7909700,934700,3541900,722900,873900,626900,9174100,842900,1126900,1340800,586500,562500,1331700,333600,2815300,1163500,3975400,424400,7499700,9262200,838300,1177000,1332300,761800,11126700,297700,1078600,2913800,1337400,1231400,862900,281200,1499100,1879500,1307200,1715600,1169600,1031100,5073200,1189700,2510100,42232400,2187700,247500,252600,647400,858400,1268000,10176000,185800,3714800,5500900,1161000,8884800,4577500,1169000,796700,690300,945400,1155600,131567900,2999500,1421800,1940100,3334000,835200,270200,6022300,1572300,467100,1649400,2241200,1744000,2675400,803000,11971800,3983100,10691700,6781400,3819400,714000,1048900,510800,961700,1789500,10476400,16627900,804900,460400,10231600,15848900,3282700,1272000,1457800,27511600,370400,1019900,5575800,5371000,1851900,2978800,407000,361000,2853600,1732100,1857400,12876500,2880800,845600,1644400,1244300,256600,8409400
2023-05-23,1621288,21780686,998877,32639460,3080868,736312,2603897,1020223,1346116,2017287,2194982,1929113,913135,946695,763215,821043,2185720,1015878,4154651,177809,630704,484381,3159916,919873,697278,942801,188695,2523229,4614471,63070400,507021,1331013,298888,787560,49942188,1760913,174901,444986,326771,3998471,385026,1209592,967677,415736,293963,3217329,295526,2625295,322016,591538,1935535,346166,3132687,33205749,858845,2622203,2552972,1556678,570052,1504463,474881,399498,142519,1999605,199203,2412297,348038,6002505,370166,760107,7874622,1524593,1281983,9812265,1942697,863371,2457505,1582050,820761,350170,1341998,844572,26436641,981159,893870,817524,554496,1287226,1002389,7176874,759676,472153,402620,532414,169107,3551798,627378,3639725,9992934,776702,247959,284591,1004525,1077832,3015803,3421587,196838,3384887,1114711,2019389,1335783,239071,366071,2868436,10108328,993175,6139033,115025,2468276,4337571,1555966,1036412,4034173,7628199,1847346,1810744,7719012,1527702,1472744,1136061,1071847,291238,3253649,2662579,9728111,4034931,1299369,1067786,373737,2124276,305765,868609,1436176,2315491,286729,5864059,1399516,1355535,882604,2691698,759636,1529937,321825,542956,1106955,608649,447504,1660946,2002275,1619283,611949,304330,575463,2693708,694967,142550,1215625,1806697,2061269,569469,1940051,5325232,515425,993522,269534,45034179,749750,1139166,7384990,110034,516317,1207397,363621,143871,2044682,1246810,4586752,556164,445332,616923,2078506,0.0,220460,1782623,3443983,1005528,1106095,3047883,683759,3549215,2462970,1719849,193421,3517729,11254782,425994,16539218,23614086,298725,1118971,417505,796504,150618,6303360,756588,8749277,821393,3603389,965324,857066,181034,1525838,1094657,876791,9292696,2894638,1823808,437232,4732111,1003651,699265,1253417,2613394,1296446,375908,370957,997836,422179,1199411,18896505,1580560,1865367,1614857,3974417,1255190,1390491,779954,1007725,283715,616094,1474532,474828,468054,2456433,344867,3291818,2931386,6217327,1330857,3596903,16552416,600433,4137270,1412259,337318,1147270,9100859,874354,7689342,2771782,308855,702407,1746377,430841,652176,1380689,632366,3249878,607680,2941749,696765,4466239,694488,4139364,5423167,878171,840798,1932212,2251220,366266,1744769,536675,1839575,2477995,457153,403060,2841501,3334696,2673968,13591844,4526394,368670,527522,247889,246336,1386445,1978647,2918777,4046347,159855,1759497,2722765,346975,4403179,5724296,7569774,3529784,284622,20393711,447292,799110,8619137,63598,11546333,10067215,874658,320465,5577547,6251738,5327674,2386884,9231986,313844,754990,2133725,1458611,594478,641456,1180937,28448311,17875,3697262,336843,784646,876940,1681957,439488,1135685,2686749,635726,4434222,7273001,475758,2063768,7708430,15126697,677840,1466216,1100694,13476371,3077068,1008470,2182893,58699995,578823,3666562,1884342,405428,3014269,354548,0.0,1434161,5180771,1920578,771480,247398,264678,190709,494358,2563329,1128985,734782,2018331,456980,786715,1524775,13089754,4458002,433181,2444675,461778,763483,231504,5922421,302296,594970,715761,483120,518098,1060100,214091,1338949,675609,2624500,451726,4498028,11530803,529103,289532,696245,602576,5263459,130489,495515,2659343,841269,599518,411380,188193,1674431,1059994,698331,787191,858151,916499,3672759,1521638,2282375,32568622,1061454,208422,85900,827754,526830,914373,9672024,86789,2616031,3559989,1006283,2846068,2014094,784197,559047,561389,765983,735088,140473790,2399456,966290,1061303,3001783,599965,182982,4947785,950506,733959,626143,1730608,1600273,1494415,396056,10203570,5672215,5613010,1791292,4286257,651403,534258,195853,761878,973575,4585348,15679466,544145,267239,5224998,13249322,1531376,703270,915243,17176146,405925,680259,3501447,3345904,698135,1816670,250978,318971,1741855,2608593,1503780,10013797,1225704,4799086,1047774,639737,177379,7856966
